timestamp_utc,os_family,thermal_pressure_level,thermal_pressure_code,cpu_die_temp_c,gpu_die_temp_c,cpu_total_active_pct,cpu_ecluster_active_pct,cpu_pcluster_active_pct,cpu_ecluster_freq_mhz,cpu_pcluster_freq_mhz,gpu_active_pct,gpu_freq_mhz,cpu_power_mw,gpu_power_mw,ane_power_mw,combined_power_mw,cpu_percent_psutil,loadavg_1m,loadavg_5m,loadavg_15m,ram_total_gb,ram_used_gb,ram_available_gb,ram_percent,mem_pressure_pct,swap_total_gb,swap_used_gb,swap_percent,mem_compressed_gb,battery_percent
2026-07-02T13:14:48.747815+00:00,linux,nominal,0,52.75,47.0,11.3,nan,nan,nan,nan,13.0,1470.0,nan,47050.0,nan,47050.0,11.3,2.56494140625,2.18798828125,2.03759765625,15.540573120117188,9.671653747558594,5.868919372558594,62.2,62.23485886140641,7.999996185302734,3.3821983337402344,42.3,2.556903839111328,nan
2026-07-02T13:14:53.790264+00:00,linux,nominal,0,56.875,46.0,15.5,nan,nan,nan,nan,34.0,930.0,37374.12981888984,38930.0,nan,76304.12981888984,15.5,2.359375,2.1513671875,2.0263671875,15.540573120117188,9.699722290039062,5.840850830078125,62.4,62.41547345176623,7.999996185302734,3.3821983337402344,42.3,2.556903839111328,nan
2026-07-02T13:14:58.829960+00:00,linux,nominal,0,54.0625,45.0,16.8,nan,nan,nan,nan,27.0,840.0,36925.504477836046,24410.0,nan,61335.504477836046,16.8,2.4111328125,2.16552734375,2.03173828125,15.540573120117188,9.766006469726562,5.774566650390625,62.8,62.841996844276736,7.999996185302734,3.3821983337402344,42.3,2.5568809509277344,nan
2026-07-02T13:15:03.875064+00:00,linux,nominal,0,63.5,45.0,13.3,nan,nan,nan,nan,26.0,825.0,32935.98154242348,23810.0,nan,56745.98154242348,13.3,2.2177734375,2.12939453125,2.0205078125,15.540573120117188,9.808097839355469,5.732475280761719,63.1,63.11284508972798,7.999996185302734,3.3821945190429688,42.3,2.5568809509277344,nan
2026-07-02T13:15:08.926067+00:00,linux,nominal,0,54.6875,46.0,11.4,nan,nan,nan,nan,13.0,480.0,32934.55107526705,23220.0,nan,56154.55107526705,11.4,2.2001953125,2.126953125,2.02001953125,15.540573120117188,9.786014556884766,5.754558563232422,63.0,62.9707442656463,7.999996185302734,3.3821945190429688,42.3,2.5568809509277344,nan
2026-07-02T13:15:13.976714+00:00,linux,nominal,0,54.25,46.0,13.5,nan,nan,nan,nan,16.0,660.0,34519.548261621254,23750.0,nan,58269.548261621254,13.5,2.5849609375,2.2080078125,2.046875,15.540573120117188,9.791038513183594,5.749534606933594,63.0,63.003072264491635,7.999996185302734,3.3820457458496094,42.3,2.5545921325683594,nan
2026-07-02T13:15:19.021382+00:00,linux,nominal,0,51.625,45.0,8.6,nan,nan,nan,nan,37.0,510.0,30665.745439575403,20830.0,nan,51495.7454395754,8.6,2.4580078125,2.1875,2.041015625,15.540573120117188,9.767097473144531,5.773475646972656,62.8,62.84901719937906,7.999996185302734,3.3820457458496094,42.3,2.5544090270996094,nan
2026-07-02T13:15:24.075017+00:00,linux,nominal,0,59.75,46.0,14.4,nan,nan,nan,nan,26.0,645.0,33779.575472418765,38110.0,nan,71889.57547241877,14.4,2.3408203125,2.16748046875,2.03515625,15.540573120117188,9.733062744140625,5.8075103759765625,62.6,62.63001157622191,7.999996185302734,3.3764801025390625,42.2,2.5542144775390625,nan
2026-07-02T13:15:29.126180+00:00,linux,nominal,0,65.4375,46.0,16.9,nan,nan,nan,nan,43.0,1470.0,35696.61473457985,50750.0,nan,86446.61473457985,16.9,2.2333984375,2.14794921875,2.029296875,15.540573120117188,9.759452819824219,5.781120300292969,62.8,62.79982562027047,7.999996185302734,3.3531646728515625,41.9,2.5377655029296875,nan
2026-07-02T13:15:34.160786+00:00,linux,nominal,0,57.4375,45.0,12.2,nan,nan,nan,nan,16.0,525.0,33137.55072215725,24260.0,nan,57397.55072215725,12.2,2.21435546875,2.14501953125,2.02880859375,15.540573120117188,9.626007080078125,5.9145660400390625,61.9,61.941133095132194,7.999996185302734,3.3529205322265625,41.9,2.537677764892578,nan
2026-07-02T13:15:39.211623+00:00,linux,nominal,0,52.9375,45.0,9.7,nan,nan,nan,nan,6.0,390.0,33236.30848661846,17560.0,nan,50796.30848661846,9.7,2.19677734375,2.142578125,2.0283203125,15.540573120117188,9.669662475585938,5.87091064453125,62.2,62.22204548600986,7.999996185302734,3.352825164794922,41.9,2.5367088317871094,nan
2026-07-02T13:15:44.254363+00:00,linux,nominal,0,55.1875,44.0,11.9,nan,nan,nan,nan,3.0,390.0,34775.679227563385,16600.0,nan,51375.679227563385,11.9,2.1806640625,2.14013671875,2.02783203125,15.540573120117188,9.653858184814453,5.886714935302734,62.1,62.12034852381079,7.999996185302734,3.3527793884277344,41.9,2.536487579345703,nan
2026-07-02T13:15:49.307048+00:00,linux,nominal,0,55.6875,44.0,6.2,nan,nan,nan,nan,45.0,780.0,30524.48313014407,18710.0,nan,49234.48313014407,6.2,2.005859375,2.1044921875,2.0166015625,15.540573120117188,9.529151916503906,6.011421203613281,61.3,61.317892479579605,7.999996185302734,3.3526268005371094,41.9,2.5363235473632812,nan
2026-07-02T13:15:54.356207+00:00,linux,nominal,0,52.25,43.0,5.5,nan,nan,nan,nan,20.0,615.0,30545.56646912431,15780.0,nan,46325.566469124315,5.5,1.84521484375,2.0693359375,2.00537109375,15.540573120117188,9.597923278808594,5.942649841308594,61.8,61.760420317987716,7.999996185302734,3.3525962829589844,41.9,2.536041259765625,nan
2026-07-02T13:15:59.404181+00:00,linux,nominal,0,54.375,44.0,4.9,nan,nan,nan,nan,16.0,420.0,29863.158777628134,15030.0,nan,44893.15877762814,4.9,1.77734375,2.05126953125,1.99951171875,15.540573120117188,9.663494110107422,5.877079010009766,62.2,62.18235347831593,7.999996185302734,3.352581024169922,41.9,2.5360031127929688,nan
2026-07-02T13:16:04.449563+00:00,linux,nominal,0,54.0,44.0,6.2,nan,nan,nan,nan,15.0,495.0,30754.199877625237,19390.0,nan,50144.19987762524,6.2,1.71484375,2.03369140625,1.994140625,15.540573120117188,9.717269897460938,5.82330322265625,62.5,62.528388254111334,7.999996185302734,3.3525619506835938,41.9,2.535858154296875,nan
2026-07-02T13:16:09.492562+00:00,linux,nominal,0,52.6875,44.0,7.1,nan,nan,nan,nan,36.0,675.0,30455.548581574993,16590.0,nan,47045.54858157499,7.1,1.5771484375,1.99951171875,1.9833984375,15.540573120117188,9.706222534179688,5.8343505859375,62.5,62.45730102202624,7.999996185302734,3.3500442504882812,41.9,2.5357131958007812,nan
2026-07-02T13:16:14.534307+00:00,linux,nominal,0,53.375,44.0,12.6,nan,nan,nan,nan,2.0,1470.0,33893.37755373412,45210.0,nan,79103.37755373411,12.6,1.53076171875,1.98291015625,1.97802734375,15.540573120117188,9.872333526611328,5.668239593505859,63.5,63.526186906399516,7.999996185302734,3.3499755859375,41.9,2.5355873107910156,nan
2026-07-02T13:16:19.568897+00:00,linux,nominal,0,54.0625,44.0,3.4,nan,nan,nan,nan,0.0,300.0,27672.151972123826,16460.0,nan,44132.15197212383,3.4,1.40771484375,1.94970703125,1.96728515625,15.540573120117188,9.728065490722656,5.812507629394531,62.6,62.597855404249714,7.999996185302734,3.3499755859375,41.9,2.5355873107910156,nan
2026-07-02T13:16:24.615572+00:00,linux,nominal,0,56.9375,43.0,3.8,nan,nan,nan,nan,0.0,300.0,29316.678741269694,16250.0,nan,45566.678741269694,3.8,1.375,1.93359375,1.9619140625,15.540573120117188,9.713485717773438,5.82708740234375,62.5,62.50403793151864,7.999996185302734,3.3499717712402344,41.9,2.5355873107910156,nan
2026-07-02T13:16:29.662487+00:00,linux,nominal,0,54.25,43.0,3.0,nan,nan,nan,nan,0.0,390.0,28033.636733182004,15820.0,nan,43853.63673318201,3.0,1.2646484375,1.9013671875,1.951171875,15.540573120117188,9.744129180908203,5.796443939208984,62.7,62.70122154178781,7.999996185302734,3.3499717712402344,41.9,2.53558349609375,nan
2026-07-02T13:16:34.711502+00:00,linux,nominal,0,56.5,45.0,5.5,nan,nan,nan,nan,32.0,1470.0,29546.363600049204,48840.0,nan,78386.3636000492,5.5,1.1630859375,1.86962890625,1.9404296875,15.540573120117188,9.74362564086914,5.796947479248047,62.7,62.69798137789442,7.999996185302734,3.3499679565429688,41.9,2.535259246826172,nan
2026-07-02T13:16:39.748019+00:00,linux,nominal,0,56.25,44.0,7.7,nan,nan,nan,nan,3.0,390.0,34197.93780493901,16950.0,nan,51147.93780493901,7.7,1.14990234375,1.85498046875,1.93505859375,15.540573120117188,9.796031951904297,5.744541168212891,63.0,63.035203889767665,7.999996185302734,3.3499679565429688,41.9,2.535236358642578,nan
2026-07-02T13:16:44.787547+00:00,linux,nominal,0,56.3125,43.0,11.9,nan,nan,nan,nan,6.0,450.0,37227.68730770315,16110.0,nan,53337.68730770315,11.9,1.21826171875,1.857421875,1.935546875,15.540573120117188,9.779029846191406,5.761543273925781,62.9,62.925799264973726,7.999996185302734,3.3496971130371094,41.9,2.5309181213378906,nan
2026-07-02T13:16:49.837428+00:00,linux,nominal,0,52.75,44.0,8.2,nan,nan,nan,nan,8.0,750.0,35479.62497296593,26700.0,nan,62179.62497296593,8.2,1.28125,1.85986328125,1.93603515625,15.540573120117188,9.797470092773438,5.74310302734375,63.0,63.04445799422073,7.999996185302734,3.3496780395507812,41.9,2.530914306640625,nan
2026-07-02T13:16:54.884628+00:00,linux,nominal,0,56.8125,45.0,22.1,nan,nan,nan,nan,29.0,900.0,43322.68280600329,38240.0,nan,81562.68280600329,22.1,1.17822265625,1.82861328125,1.92529296875,15.540573120117188,9.88668441772461,5.653888702392578,63.6,63.61853157736088,7.999996185302734,3.3495826721191406,41.9,2.5308837890625,nan
2026-07-02T13:16:59.922056+00:00,linux,nominal,0,54.5,45.0,14.8,nan,nan,nan,nan,36.0,885.0,39356.499476131685,38310.0,nan,77666.49947613169,14.8,1.244140625,1.83154296875,1.92578125,15.540573120117188,10.039466857910156,5.501106262207031,64.6,64.6016513053442,7.999996185302734,3.349578857421875,41.9,2.530864715576172,nan
2026-07-02T13:17:04.961171+00:00,linux,nominal,0,55.5625,46.0,15.5,nan,nan,nan,nan,29.0,1080.0,36906.84090071131,41930.0,nan,78836.84090071131,15.5,1.14404296875,1.80078125,1.9150390625,15.540573120117188,10.066104888916016,5.474468231201172,64.8,64.7730608846433,7.999996185302734,3.3495712280273438,41.9,2.530773162841797,nan
2026-07-02T13:17:10.002060+00:00,linux,nominal,0,61.0,45.0,15.6,nan,nan,nan,nan,34.0,1455.0,36589.18143581119,51060.0,nan,87649.18143581119,15.6,1.05224609375,1.7705078125,1.904296875,15.540573120117188,10.08468246459961,5.455890655517578,64.9,64.89260329495212,7.999996185302734,3.3459014892578125,41.8,2.5307388305664062,nan
2026-07-02T13:17:15.025304+00:00,linux,nominal,0,54.75,44.0,9.6,nan,nan,nan,nan,12.0,1470.0,32172.054966400032,24530.0,nan,56702.05496640003,9.6,0.9677734375,1.74072265625,1.89404296875,15.540573120117188,9.955886840820312,5.584686279296875,64.1,64.0638331924353,7.999996185302734,3.345874786376953,41.8,2.5301361083984375,nan
2026-07-02T13:17:20.056408+00:00,linux,nominal,0,51.9375,44.0,11.6,nan,nan,nan,nan,1.0,300.0,34085.51461682375,14710.0,nan,48795.51461682375,11.6,0.970703125,1.72802734375,1.88916015625,15.540573120117188,10.03082275390625,5.5097503662109375,64.5,64.54602849184117,7.999996185302734,3.3458633422851562,41.8,2.530071258544922,nan
2026-07-02T13:17:25.104621+00:00,linux,nominal,0,48.25,43.0,5.9,nan,nan,nan,nan,17.0,300.0,31186.82469419144,14850.0,nan,46036.82469419144,5.9,0.97314453125,1.7158203125,1.88427734375,15.540573120117188,9.912662506103516,5.627910614013672,63.8,63.78569457822394,7.999996185302734,3.3458633422851562,41.8,2.5300674438476562,nan
2026-07-02T13:17:30.149915+00:00,linux,nominal,0,52.25,43.0,6.0,nan,nan,nan,nan,8.0,390.0,29572.180125028273,16219.999999999998,nan,45792.18012502827,6.0,0.89501953125,1.68701171875,1.8740234375,15.540573120117188,9.876056671142578,5.664516448974609,63.6,63.55014448185361,7.999996185302734,3.3458518981933594,41.8,2.5296401977539062,nan
2026-07-02T13:17:35.208607+00:00,linux,nominal,0,57.375,43.0,3.4,nan,nan,nan,nan,0.0,1470.0,28388.23911197979,40100.0,nan,68488.23911197978,3.4,0.98388671875,1.6923828125,1.875,15.540573120117188,9.872394561767578,5.668178558349609,63.5,63.52657965353812,7.999996185302734,3.3458518981933594,41.8,2.529468536376953,nan
2026-07-02T13:17:40.236416+00:00,linux,nominal,0,56.0,44.0,8.5,nan,nan,nan,nan,24.0,675.0,34789.70641377756,17020.0,nan,51809.70641377756,8.5,0.9853515625,1.6806640625,1.8701171875,15.540573120117188,9.833393096923828,5.707180023193359,63.3,63.27561423197806,7.999996185302734,3.3458480834960938,41.8,2.5294647216796875,nan
2026-07-02T13:17:45.271577+00:00,linux,nominal,0,51.4375,43.0,2.6,nan,nan,nan,nan,2.0,300.0,27107.483671283644,14960.0,nan,42067.48367128364,2.6,0.90625,1.65234375,1.85986328125,15.540573120117188,9.854904174804688,5.6856689453125,63.4,63.41403305163544,7.999996185302734,3.3458404541015625,41.8,2.5276451110839844,nan
2026-07-02T13:17:50.327449+00:00,linux,nominal,0,48.25,43.0,2.7,nan,nan,nan,nan,3.0,300.0,27477.404623258775,21250.0,nan,48727.40462325877,2.7,0.83349609375,1.62451171875,1.849609375,15.540573120117188,9.846790313720703,5.693782806396484,63.4,63.36182222889892,7.999996185302734,3.3457679748535156,41.8,2.5275650024414062,nan
2026-07-02T13:17:55.379204+00:00,linux,nominal,0,64.625,44.0,14.5,nan,nan,nan,nan,15.0,825.0,36385.0734941732,24700.0,nan,61085.0734941732,14.5,0.7666015625,1.59716796875,1.83935546875,15.540573120117188,10.004596710205078,5.535976409912109,64.4,64.37726995572758,7.999996185302734,3.3457069396972656,41.8,2.5273475646972656,nan
2026-07-02T13:18:00.414067+00:00,linux,nominal,0,53.375,45.0,6.8,nan,nan,nan,nan,31.0,1470.0,31765.77498947303,45980.0,nan,77745.77498947302,6.8,0.705078125,1.5703125,1.8291015625,15.540573120117188,10.11922836303711,5.421344757080078,65.1,65.11489817539497,7.999996185302734,3.345623016357422,41.8,2.5272560119628906,nan
2026-07-02T13:18:05.452607+00:00,linux,nominal,0,55.125,46.0,5.4,nan,nan,nan,nan,1.0,1470.0,31257.526650449312,45680.0,nan,76937.52665044932,5.4,0.6484375,1.5439453125,1.81884765625,15.540573120117188,10.150798797607422,5.389774322509766,65.3,65.3180466328315,7.999996185302734,3.3454132080078125,41.8,2.5271224975585938,nan
2026-07-02T13:18:10.488540+00:00,linux,nominal,0,55.5,43.0,4.1,nan,nan,nan,nan,14.0,390.0,29172.49702959172,14940.0,nan,44112.497029591716,4.1,0.6767578125,1.53466796875,1.81396484375,15.540573120117188,10.107879638671875,5.4326934814453125,65.0,65.0418717543131,7.999996185302734,3.3454132080078125,41.8,2.527069091796875,nan
2026-07-02T13:18:15.533170+00:00,linux,nominal,0,59.4375,42.0,3.5,nan,nan,nan,nan,8.0,300.0,28165.218370972118,14910.0,nan,43075.218370972114,3.5,0.62255859375,1.5087890625,1.80419921875,15.540573120117188,10.093929290771484,5.446643829345703,65.0,64.95210448644875,7.999996185302734,3.3453903198242188,41.8,2.526927947998047,nan
2026-07-02T13:18:20.569871+00:00,linux,nominal,0,52.1875,42.0,3.5,nan,nan,nan,nan,1.0,300.0,26723.025777722276,14560.0,nan,41283.02577772227,3.5,0.572265625,1.4833984375,1.79443359375,15.540573120117188,10.070030212402344,5.470542907714844,64.8,64.79831943499397,7.999996185302734,3.345386505126953,41.8,2.5269241333007812,nan
2026-07-02T13:18:25.613487+00:00,linux,nominal,0,54.3125,42.0,4.4,nan,nan,nan,nan,0.0,300.0,28811.627109469864,14790.0,nan,43601.62710946986,4.4,0.5263671875,1.45849609375,1.78466796875,15.540573120117188,10.063003540039062,5.477569580078125,64.8,64.7531044206636,7.999996185302734,3.345378875732422,41.8,2.5269241333007812,nan
2026-07-02T13:18:30.659282+00:00,linux,nominal,0,53.5,42.0,1.8,nan,nan,nan,nan,0.0,300.0,25895.267065473905,14760.0,nan,40655.267065473905,1.8,0.48388671875,1.43408203125,1.77490234375,15.540573120117188,10.017990112304688,5.5225830078125,64.5,64.46345340595228,7.999996185302734,3.3452911376953125,41.8,2.526782989501953,nan
2026-07-02T13:18:35.708956+00:00,linux,nominal,0,51.375,42.0,2.3,nan,nan,nan,nan,8.0,300.0,26925.544167555967,18120.0,nan,45045.54416755597,2.3,0.44482421875,1.41015625,1.76513671875,15.540573120117188,9.986309051513672,5.554264068603516,64.3,64.25959309432706,7.999996185302734,3.3452911376953125,41.8,2.526782989501953,nan
2026-07-02T13:18:40.756200+00:00,linux,nominal,0,47.6875,42.0,1.4,nan,nan,nan,nan,1.0,300.0,25239.809826320354,15360.0,nan,40599.80982632036,1.4,0.4091796875,1.38671875,1.75537109375,15.540573120117188,9.942371368408203,5.598201751708984,64.0,63.976864247933406,7.999996185302734,3.3452606201171875,41.8,2.526763916015625,nan
2026-07-02T13:18:45.799648+00:00,linux,nominal,0,53.0625,41.0,2.5,nan,nan,nan,nan,0.0,300.0,27518.134471599664,14990.0,nan,42508.13447159967,2.5,0.3759765625,1.36328125,1.74560546875,15.540573120117188,9.864971160888672,5.675601959228516,63.5,63.4788117828069,7.999996185302734,3.345256805419922,41.8,2.526752471923828,nan
2026-07-02T13:18:50.845460+00:00,linux,nominal,0,65.375,41.0,7.0,nan,nan,nan,nan,0.0,300.0,31446.020861256464,14890.0,nan,46336.02086125646,7.0,0.58642578125,1.390625,1.75244140625,15.540573120117188,9.915279388427734,5.625293731689453,63.8,63.802533611791056,7.999996185302734,3.3452301025390625,41.8,2.526592254638672,nan
2026-07-02T13:18:55.890848+00:00,linux,nominal,0,51.8125,41.0,4.2,nan,nan,nan,nan,1.0,300.0,29537.396759882384,14940.0,nan,44477.39675988238,4.2,0.69970703125,1.40087890625,1.75390625,15.540573120117188,9.94064712524414,5.599925994873047,64.0,63.965769141268204,7.999996185302734,3.3452301025390625,41.8,2.5264549255371094,nan
2026-07-02T13:19:00.935907+00:00,linux,nominal,0,51.75,41.0,4.9,nan,nan,nan,nan,7.0,390.0,29124.311401089795,14080.0,nan,43204.3114010898,4.9,0.6435546875,1.37744140625,1.744140625,15.540573120117188,10.023448944091797,5.517124176025391,64.5,64.49857972816007,7.999996185302734,3.345062255859375,41.8,2.526226043701172,nan
2026-07-02T13:19:05.980876+00:00,linux,nominal,0,48.6875,41.0,2.9,nan,nan,nan,nan,10.0,390.0,26739.072843054873,15890.0,nan,42629.07284305488,2.9,0.591796875,1.3544921875,1.734375,15.540573120117188,10.01153564453125,5.5290374755859375,64.4,64.42192039604622,7.999996185302734,3.345062255859375,41.8,2.526195526123047,nan
2026-07-02T13:19:11.021866+00:00,linux,nominal,0,50.1875,41.0,3.1,nan,nan,nan,nan,4.0,300.0,28180.293965164034,19560.0,nan,47740.29396516403,3.1,0.5439453125,1.33154296875,1.724609375,15.540573120117188,9.994796752929688,5.5457763671875,64.3,64.31420949328745,7.999996185302734,3.345062255859375,41.8,2.526195526123047,nan
2026-07-02T13:19:16.069066+00:00,linux,nominal,0,51.25,43.0,4.2,nan,nan,nan,nan,22.0,1470.0,28620.486776674377,44640.0,nan,73260.48677667437,4.2,0.5,1.30908203125,1.71533203125,15.540573120117188,9.969257354736328,5.571315765380859,64.1,64.14986936248303,7.999996185302734,3.345062255859375,41.8,2.526195526123047,nan
2026-07-02T13:19:21.103573+00:00,linux,nominal,0,48.0625,41.0,1.8,nan,nan,nan,nan,18.0,390.0,26452.844701589882,14610.0,nan,41062.844701589886,1.8,0.4599609375,1.287109375,1.7060546875,15.540573120117188,9.937568664550781,5.603004455566406,63.9,63.94595995746548,7.999996185302734,3.345062255859375,41.8,2.526195526123047,nan
2026-07-02T13:19:26.153050+00:00,linux,nominal,0,50.5,41.0,7.1,nan,nan,nan,nan,6.0,390.0,30355.108443260422,14730.0,nan,45085.108443260426,7.1,0.62353515625,1.29443359375,1.7041015625,15.540573120117188,10.020065307617188,5.5205078125,64.5,64.47680680866439,7.999996185302734,3.345062255859375,41.8,2.5261878967285156,nan
2026-07-02T13:19:31.198843+00:00,linux,nominal,0,51.5625,41.0,6.0,nan,nan,nan,nan,1.0,300.0,27510.819463242373,15400.0,nan,42910.81946324237,6.0,0.73388671875,1.30615234375,1.7060546875,15.540573120117188,9.99533462524414,5.545238494873047,64.3,64.31767057744631,7.999996185302734,3.345062255859375,41.8,2.5261878967285156,nan
2026-07-02T13:19:36.250076+00:00,linux,nominal,0,53.25,41.0,5.9,nan,nan,nan,nan,0.0,405.0,28122.829684421,21610.0,nan,49732.829684421,5.9,0.83544921875,1.31787109375,1.7080078125,15.540573120117188,9.977184295654297,5.563388824462891,64.2,64.20087739710762,7.999996185302734,3.345062255859375,41.8,2.5260162353515625,nan
2026-07-02T13:19:41.306811+00:00,linux,nominal,0,49.125,40.0,2.5,nan,nan,nan,nan,0.0,300.0,25911.000302718094,14670.0,nan,40581.000302718094,2.5,0.76806640625,1.2958984375,1.69873046875,15.540573120117188,9.88638687133789,5.654186248779297,63.6,63.61661693506024,7.999996185302734,3.345062255859375,41.8,2.5260162353515625,nan
2026-07-02T13:19:46.352065+00:00,linux,nominal,0,51.625,40.0,3.9,nan,nan,nan,nan,23.0,390.0,27142.638311784413,14430.0,nan,41572.63831178441,3.9,0.70654296875,1.27392578125,1.689453125,15.540573120117188,9.854202270507812,5.686370849609375,63.4,63.40951645954165,7.999996185302734,3.3450469970703125,41.8,2.5260162353515625,nan
2026-07-02T13:19:51.396709+00:00,linux,nominal,0,59.75,40.0,3.2,nan,nan,nan,nan,0.0,300.0,27254.20829788803,14600.0,nan,41854.208297888035,3.2,0.64990234375,1.25244140625,1.68017578125,15.540573120117188,9.8363037109375,5.7042694091796875,63.3,63.29434336114965,7.999996185302734,3.3450469970703125,41.8,2.5260162353515625,nan
2026-07-02T13:19:56.445053+00:00,linux,nominal,0,48.875,43.0,6.2,nan,nan,nan,nan,33.0,1470.0,29465.195196725435,45790.0,nan,75255.19519672543,6.2,0.59765625,1.2314453125,1.6708984375,15.540573120117188,9.844966888427734,5.695606231689453,63.4,63.35008890813349,7.999996185302734,3.34503173828125,41.8,2.5259780883789062,nan
2026-07-02T13:20:01.480372+00:00,linux,nominal,0,56.6875,41.0,3.4,nan,nan,nan,nan,0.0,300.0,27283.423728081387,14610.0,nan,41893.42372808138,3.4,0.54931640625,1.2109375,1.66162109375,15.540573120117188,9.918975830078125,5.6215972900390625,63.8,63.82631936037201,7.999996185302734,3.34503173828125,41.8,2.5259780883789062,nan
2026-07-02T13:20:06.527955+00:00,linux,nominal,0,50.125,40.0,1.9,nan,nan,nan,nan,0.0,300.0,25751.05843853891,14600.0,nan,40351.05843853891,1.9,0.5048828125,1.1904296875,1.65234375,15.540573120117188,9.91214370727539,5.628429412841797,63.8,63.78235622754591,7.999996185302734,3.34503173828125,41.8,2.5259780883789062,nan
2026-07-02T13:20:11.574738+00:00,linux,nominal,0,60.4375,40.0,2.8,nan,nan,nan,nan,0.0,300.0,26976.62934433556,15310.0,nan,42286.62934433556,2.8,0.46435546875,1.17041015625,1.64306640625,15.540573120117188,9.909912109375,5.6306610107421875,63.8,63.76799641029116,7.999996185302734,3.3450050354003906,41.8,2.5259552001953125,nan
2026-07-02T13:20:16.620960+00:00,linux,nominal,0,54.3125,40.0,9.6,nan,nan,nan,nan,0.0,300.0,34198.26690336541,15160.0,nan,49358.26690336541,9.6,0.4267578125,1.15087890625,1.6337890625,15.540573120117188,9.989322662353516,5.551250457763672,64.3,64.27898498429502,7.999996185302734,3.3449859619140625,41.8,2.525890350341797,nan
2026-07-02T13:20:21.664398+00:00,linux,nominal,0,59.75,40.0,2.3,nan,nan,nan,nan,0.0,300.0,26839.092886247516,14130.0,nan,40969.09288624751,2.3,0.392578125,1.13134765625,1.625,15.540573120117188,10.013374328613281,5.527198791503906,64.4,64.43375190359629,7.999996185302734,3.3449859619140625,41.8,2.5258865356445312,nan
2026-07-02T13:20:26.710001+00:00,linux,nominal,0,54.125,41.0,5.0,nan,nan,nan,nan,6.0,420.0,29214.29321160856,19540.0,nan,48754.29321160856,5.0,0.44140625,1.12890625,1.62158203125,15.540573120117188,10.030200958251953,5.510372161865234,64.5,64.54202738036676,7.999996185302734,3.3449859619140625,41.8,2.525859832763672,nan
2026-07-02T13:20:31.760600+00:00,linux,nominal,0,48.625,40.0,2.9,nan,nan,nan,nan,25.0,300.0,27289.545402439533,16450.0,nan,43739.54540243953,2.9,0.486328125,1.12646484375,1.6181640625,15.540573120117188,10.000396728515625,5.5401763916015625,64.4,64.35024404325324,7.999996185302734,3.344940185546875,41.8,2.5258522033691406,nan
2026-07-02T13:20:36.810417+00:00,linux,nominal,0,56.375,42.0,11.5,nan,nan,nan,nan,16.0,885.0,34058.13102424614,38040.0,nan,72098.13102424613,11.5,0.68798828125,1.15771484375,1.6259765625,15.540573120117188,9.995624542236328,5.544948577880859,64.3,64.31953612635462,7.999996185302734,3.3439979553222656,41.8,2.5248260498046875,nan
2026-07-02T13:20:41.849435+00:00,linux,nominal,0,56.0625,42.0,13.2,nan,nan,nan,nan,4.0,465.0,33554.6996443892,22170.0,nan,55724.6996443892,13.2,0.6328125,1.13818359375,1.6171875,15.540573120117188,10.025238037109375,5.5153350830078125,64.5,64.51009212866003,7.999996185302734,3.343982696533203,41.8,2.5248184204101562,nan
2026-07-02T13:20:46.898454+00:00,linux,nominal,0,51.6875,41.0,4.7,nan,nan,nan,nan,21.0,390.0,27468.813478009724,18310.0,nan,45778.813478009724,4.7,0.58203125,1.119140625,1.6083984375,15.540573120117188,9.955020904541016,5.585552215576172,64.1,64.05826109240652,7.999996185302734,3.343982696533203,41.8,2.5248184204101562,nan
2026-07-02T13:20:51.954248+00:00,linux,nominal,0,60.125,41.0,3.3,nan,nan,nan,nan,13.0,390.0,25061.385167635086,16890.0,nan,41951.38516763509,3.3,0.53515625,1.10009765625,1.599609375,15.540573120117188,9.932655334472656,5.607917785644531,63.9,63.91434381280886,7.999996185302734,3.343433380126953,41.8,2.5248184204101562,nan
2026-07-02T13:20:57.007020+00:00,linux,nominal,0,51.75,43.0,13.2,nan,nan,nan,nan,37.0,885.0,30791.80609037466,38130.0,nan,68921.80609037465,13.2,0.4921875,1.08154296875,1.5908203125,15.540573120117188,9.93088150024414,5.609691619873047,63.9,63.90292959909354,7.999996185302734,3.3434295654296875,41.8,2.5248184204101562,nan
2026-07-02T13:21:02.045344+00:00,linux,nominal,0,50.125,41.0,6.3,nan,nan,nan,nan,7.0,390.0,26954.867161364782,18340.0,nan,45294.86716136478,6.3,0.45263671875,1.0634765625,1.58203125,15.540573120117188,10.001045227050781,5.539527893066406,64.4,64.35441698160078,7.999996185302734,3.3432464599609375,41.8,2.524578094482422,nan
2026-07-02T13:21:07.087398+00:00,linux,nominal,0,51.3125,41.0,4.2,nan,nan,nan,nan,16.0,300.0,24894.40001854984,16580.0,nan,41474.400018549844,4.2,0.416015625,1.04541015625,1.5732421875,15.540573120117188,9.999870300292969,5.540702819824219,64.3,64.34685659918289,7.999996185302734,3.3432464599609375,41.8,2.524578094482422,nan
2026-07-02T13:21:12.134796+00:00,linux,nominal,0,64.25,43.0,14.0,nan,nan,nan,nan,8.0,495.0,35580.59463759308,22670.0,nan,58250.59463759308,14.0,0.54296875,1.0615234375,1.57568359375,15.540573120117188,10.170845031738281,5.369728088378906,65.4,65.44703952116268,7.999996185302734,3.343219757080078,41.8,2.5245590209960938,nan
2026-07-02T13:21:17.184456+00:00,linux,nominal,0,60.1875,42.0,13.2,nan,nan,nan,nan,4.0,390.0,38908.73653081522,19620.0,nan,58528.73653081522,13.2,0.57958984375,1.06005859375,1.572265625,15.540573120117188,10.240264892578125,5.3003082275390625,65.9,65.89374029791834,7.999996185302734,3.343219757080078,41.8,2.5245513916015625,nan
2026-07-02T13:21:22.223945+00:00,linux,nominal,0,54.4375,59.0,12.3,nan,nan,nan,nan,100.0,1875.0,36741.37534869406,171880.0,nan,208621.37534869407,12.3,0.7734375,1.09228515625,1.580078125,15.540573120117188,10.261268615722656,5.279304504394531,66.0,66.02889440698618,7.999996185302734,3.3432083129882812,41.8,2.5245513916015625,nan
2026-07-02T13:21:27.260248+00:00,linux,nominal,0,55.3125,62.0,11.5,nan,nan,nan,nan,100.0,1860.0,34380.21832972407,173970.0,nan,208350.21832972407,11.5,1.0322265625,1.140625,1.59326171875,15.540573120117188,10.272296905517578,5.268276214599609,66.1,66.09985890559045,7.999996185302734,3.3432083129882812,41.8,2.5245513916015625,nan
2026-07-02T13:21:32.295389+00:00,linux,nominal,0,53.5,64.0,9.7,nan,nan,nan,nan,100.0,1875.0,32015.782600554543,170740.0,nan,202755.78260055455,9.7,1.029296875,1.13818359375,1.58984375,15.540573120117188,10.2271728515625,5.3134002685546875,65.8,65.80949603669043,7.999996185302734,3.3432083129882812,41.8,2.5245513916015625,nan
2026-07-02T13:21:37.334511+00:00,linux,nominal,0,53.875,66.0,11.4,nan,nan,nan,nan,100.0,1845.0,33218.0279587862,172370.0,nan,205588.0279587862,11.4,1.02685546875,1.1357421875,1.58642578125,15.540573120117188,10.202869415283203,5.337703704833984,65.7,65.65310903544248,7.999996185302734,3.3432083129882812,41.8,2.524547576904297,nan
2026-07-02T13:21:42.369140+00:00,linux,nominal,0,51.375,68.0,11.4,nan,nan,nan,nan,100.0,1875.0,32725.668593849907,171410.0,nan,204135.6685938499,11.4,1.10498046875,1.150390625,1.5888671875,15.540573120117188,10.178974151611328,5.361598968505859,65.5,65.49934853068386,7.999996185302734,3.3432083129882812,41.8,2.524547576904297,nan
2026-07-02T13:21:47.405389+00:00,linux,nominal,0,54.1875,70.0,13.1,nan,nan,nan,nan,100.0,1815.0,34775.3565857878,173230.0,nan,208005.35658578778,13.1,1.09619140625,1.1474609375,1.58544921875,15.540573120117188,10.201248168945312,5.339324951171875,65.6,65.64267668957365,7.999996185302734,3.3432044982910156,41.8,2.5245437622070312,nan
2026-07-02T13:21:52.441755+00:00,linux,nominal,0,57.0625,72.0,15.5,nan,nan,nan,nan,100.0,1875.0,37619.08883508941,171500.0,nan,209119.0888350894,15.5,1.1689453125,1.16162109375,1.587890625,15.540573120117188,10.20730209350586,5.333271026611328,65.7,65.6816322963827,7.999996185302734,3.343189239501953,41.8,2.524517059326172,nan
2026-07-02T13:21:57.478145+00:00,linux,nominal,0,51.4375,73.0,18.0,nan,nan,nan,nan,100.0,1830.0,36455.225703435215,171360.0,nan,207815.22570343522,18.0,1.23583984375,1.17578125,1.59033203125,15.540573120117188,10.258132934570312,5.282440185546875,66.0,66.00871702274105,7.999996185302734,3.343189239501953,41.8,2.524505615234375,nan
2026-07-02T13:22:02.518944+00:00,linux,nominal,0,54.0625,74.0,9.3,nan,nan,nan,nan,100.0,1815.0,32905.049998079136,172030.0,nan,204935.04999807914,9.3,1.13671875,1.15625,1.58154296875,15.540573120117188,10.31875991821289,5.221813201904297,66.4,66.39883766484334,7.999996185302734,3.343189239501953,41.8,2.52447509765625,nan
2026-07-02T13:22:07.556388+00:00,linux,nominal,0,50.375,75.0,9.2,nan,nan,nan,nan,100.0,1830.0,32837.54343606995,170740.0,nan,203577.54343606994,9.2,1.12548828125,1.1533203125,1.578125,15.540573120117188,10.32949447631836,5.211078643798828,66.5,66.46791206784314,7.999996185302734,3.343189239501953,41.8,2.5244522094726562,nan
2026-07-02T13:22:12.591161+00:00,linux,nominal,0,48.5,76.0,8.5,nan,nan,nan,nan,100.0,1815.0,33195.29350342361,171320.0,nan,204515.2935034236,8.5,1.35595703125,1.20068359375,1.59130859375,15.540573120117188,10.313835144042969,5.226737976074219,66.4,66.36714788009823,7.999996185302734,3.3431434631347656,41.8,2.5243911743164062,nan
2026-07-02T13:22:17.626443+00:00,linux,nominal,0,52.75,77.0,14.6,nan,nan,nan,nan,100.0,1830.0,34412.081802579734,174900.0,nan,209312.08180257975,14.6,1.2470703125,1.1806640625,1.58251953125,15.540573120117188,10.281169891357422,5.259403228759766,66.2,66.15695452086322,7.999996185302734,3.3431434631347656,41.8,2.5243873596191406,nan
2026-07-02T13:22:22.661751+00:00,linux,nominal,0,58.875,77.0,13.8,nan,nan,nan,nan,100.0,1845.0,37435.28684807337,174500.0,nan,211935.28684807336,13.8,1.4677734375,1.2275390625,1.595703125,15.540573120117188,10.277809143066406,5.262763977050781,66.1,66.13532888154452,7.999996185302734,3.3431434631347656,41.8,2.5243873596191406,nan
2026-07-02T13:22:27.791425+00:00,linux,nominal,0,52.25,78.0,17.0,nan,nan,nan,nan,100.0,1800.0,35316.093045106485,174110.0,nan,209426.09304510648,17.0,1.5107421875,1.24072265625,1.59814453125,15.540573120117188,10.257640838623047,5.282932281494141,66.0,66.00555049893615,7.999996185302734,3.3431434631347656,41.8,2.5243873596191406,nan
2026-07-02T13:22:32.835670+00:00,linux,nominal,0,55.1875,79.0,10.7,nan,nan,nan,nan,100.0,1770.0,33637.76675899451,170730.0,nan,204367.76675899452,10.7,1.3896484375,1.2197265625,1.58935546875,15.540573120117188,10.254615783691406,5.285957336425781,66.0,65.9860849688797,7.999996185302734,3.3431434631347656,41.8,2.5243873596191406,nan
2026-07-02T13:22:37.872014+00:00,linux,nominal,0,51.1875,80.0,9.8,nan,nan,nan,nan,100.0,1800.0,33103.57119086263,176010.0,nan,209113.57119086263,9.8,1.51904296875,1.24951171875,1.59716796875,15.540573120117188,10.246593475341797,5.293979644775391,65.9,65.93446326685107,7.999996185302734,3.343128204345703,41.8,2.5243873596191406,nan
2026-07-02T13:22:42.907172+00:00,linux,nominal,0,50.0625,80.0,10.4,nan,nan,nan,nan,100.0,1785.0,32704.33143859007,170600.0,nan,203304.33143859007,10.4,1.5576171875,1.26220703125,1.599609375,15.540573120117188,10.246200561523438,5.29437255859375,65.9,65.93193495714638,7.999996185302734,3.343128204345703,41.8,2.5243873596191406,nan
2026-07-02T13:22:47.946249+00:00,linux,nominal,0,63.25,81.0,12.5,nan,nan,nan,nan,100.0,1830.0,34119.55273639639,167820.0,nan,201939.55273639638,12.5,1.4326171875,1.2412109375,1.5908203125,15.540573120117188,10.218841552734375,5.3217315673828125,65.8,65.75588605227269,7.999996185302734,3.3431243896484375,41.8,2.524372100830078,nan
2026-07-02T13:22:52.984418+00:00,linux,nominal,0,58.75,81.0,20.4,nan,nan,nan,nan,100.0,1815.0,38016.11534867015,168740.0,nan,206756.11534867017,20.4,1.39794921875,1.23681640625,1.58740234375,15.540573120117188,10.227279663085938,5.31329345703125,65.8,65.81018334418297,7.999996185302734,3.3431243896484375,41.8,2.524372100830078,nan
2026-07-02T13:22:58.021378+00:00,linux,nominal,0,52.3125,81.0,15.3,nan,nan,nan,nan,100.0,1800.0,34968.237830861835,173440.0,nan,208408.23783086182,15.3,1.36572265625,1.232421875,1.583984375,15.540573120117188,10.216346740722656,5.324226379394531,65.7,65.73983251298274,7.999996185302734,3.3431243896484375,41.8,2.524372100830078,nan
2026-07-02T13:23:03.058348+00:00,linux,nominal,0,54.0625,82.0,11.9,nan,nan,nan,nan,100.0,1800.0,32998.659602045875,169380.0,nan,202378.65960204587,11.9,1.25634765625,1.2119140625,1.5751953125,15.540573120117188,10.284324645996094,5.256248474121094,66.2,66.17725463858916,7.999996185302734,3.3431243896484375,41.8,2.524372100830078,nan
2026-07-02T13:23:08.094978+00:00,linux,nominal,0,51.5625,82.0,11.6,nan,nan,nan,nan,100.0,1815.0,32857.40368615778,171340.0,nan,204197.40368615778,11.6,1.1552734375,1.19140625,1.56640625,15.540573120117188,10.2718505859375,5.2687225341796875,66.1,66.0969869421395,7.999996185302734,3.3431243896484375,41.8,2.524372100830078,nan
2026-07-02T13:23:13.129441+00:00,linux,nominal,0,56.5625,83.0,11.0,nan,nan,nan,nan,100.0,1800.0,33508.69268442523,174900.0,nan,208408.69268442522,11.0,1.22314453125,1.205078125,1.56884765625,15.540573120117188,10.258018493652344,5.282554626464844,66.0,66.00798062185618,7.999996185302734,3.3431243896484375,41.8,2.524372100830078,nan
2026-07-02T13:23:18.165745+00:00,linux,nominal,0,56.0,82.0,11.7,nan,nan,nan,nan,100.0,1785.0,32877.22019080534,171380.0,nan,204257.22019080532,11.7,1.125,1.18505859375,1.56005859375,15.540573120117188,10.254024505615234,5.286548614501953,66.0,65.9822802309746,7.999996185302734,3.3431243896484375,41.8,2.524372100830078,nan
2026-07-02T13:23:23.200915+00:00,linux,nominal,0,54.6875,83.0,14.0,nan,nan,nan,nan,100.0,1815.0,33948.79718992064,173020.0,nan,206968.79718992065,14.0,1.755859375,1.31494140625,1.60009765625,15.540573120117188,10.26083755493164,5.279735565185547,66.0,66.02612063031988,7.999996185302734,3.3431243896484375,41.8,2.524372100830078,nan
2026-07-02T13:23:28.236705+00:00,linux,nominal,0,57.125,83.0,14.0,nan,nan,nan,nan,100.0,1785.0,33469.61317046773,174950.0,nan,208419.61317046772,14.0,1.6953125,1.3095703125,1.5966796875,15.540573120117188,10.247238159179688,5.2933349609375,65.9,65.93861165850244,7.999996185302734,3.3431243896484375,41.8,2.5243072509765625,nan
2026-07-02T13:23:33.272185+00:00,linux,nominal,0,52.25,83.0,11.0,nan,nan,nan,nan,100.0,1785.0,33035.4991365783,171660.0,nan,204695.4991365783,11.0,1.63916015625,1.30419921875,1.59326171875,15.540573120117188,10.24771499633789,5.292858123779297,65.9,65.94167999552269,7.999996185302734,3.343120574951172,41.8,2.523120880126953,nan
2026-07-02T13:23:38.297407+00:00,linux,nominal,0,49.875,82.0,9.4,nan,nan,nan,nan,100.0,1770.0,31837.016126854785,154860.0,nan,186697.01612685478,9.4,1.66845703125,1.31591796875,1.595703125,15.540573120117188,10.237323760986328,5.303249359130859,65.9,65.87481479517746,7.999996185302734,3.343120574951172,41.8,2.523120880126953,nan
2026-07-02T13:23:43.340512+00:00,linux,nominal,0,54.4375,83.0,9.6,nan,nan,nan,nan,100.0,1770.0,30961.436673820066,166020.0,nan,196981.43667382008,9.6,1.53466796875,1.2939453125,1.5869140625,15.540573120117188,10.231563568115234,5.309009552001953,65.8,65.83774928397288,7.999996185302734,3.343120574951172,41.8,2.523120880126953,nan
2026-07-02T13:23:48.376017+00:00,linux,nominal,0,54.75,83.0,11.4,nan,nan,nan,nan,100.0,1755.0,32287.44783625274,171690.0,nan,203977.44783625274,11.4,1.49169921875,1.2890625,1.58349609375,15.540573120117188,10.17071533203125,5.3698577880859375,65.4,65.44620493349318,7.999996185302734,3.3431167602539062,41.8,2.523090362548828,nan
2026-07-02T13:23:53.412441+00:00,linux,nominal,0,56.75,83.0,15.3,nan,nan,nan,nan,100.0,1770.0,35492.84648029709,151040.0,nan,186532.8464802971,15.3,1.4521484375,1.2841796875,1.580078125,15.540573120117188,10.182540893554688,5.3580322265625,65.5,65.52229969159531,7.999996185302734,3.3431167602539062,41.8,2.523090362548828,nan
2026-07-02T13:23:58.452997+00:00,linux,nominal,0,58.5,83.0,14.7,nan,nan,nan,nan,100.0,1770.0,35410.71547183726,166610.0,nan,202020.71547183726,14.7,1.41552734375,1.279296875,1.57666015625,15.540573120117188,10.24990463256836,5.290668487548828,66.0,65.95576979911965,7.999996185302734,3.3431167602539062,41.8,2.523082733154297,nan
2026-07-02T13:24:03.489200+00:00,linux,nominal,0,55.4375,83.0,10.7,nan,nan,nan,nan,100.0,1755.0,33618.052502686296,157650.0,nan,191268.0525026863,10.7,1.46240234375,1.29150390625,1.5791015625,15.540573120117188,10.252872467041016,5.287700653076172,66.0,65.97486712873368,7.999996185302734,3.3431167602539062,41.8,2.523082733154297,nan
2026-07-02T13:24:08.525577+00:00,linux,nominal,0,56.5,83.0,11.1,nan,nan,nan,nan,100.0,1740.0,33495.9085646614,154310.0,nan,187805.9085646614,11.1,1.34521484375,1.27001953125,1.5703125,15.540573120117188,10.223457336425781,5.317115783691406,65.8,65.78558755462866,7.999996185302734,3.3431167602539062,41.8,2.523082733154297,nan
2026-07-02T13:24:13.565336+00:00,linux,nominal,0,54.5625,83.0,8.9,nan,nan,nan,nan,100.0,1785.0,32765.62449739937,155200.0,nan,187965.62449739937,8.9,1.2373046875,1.24853515625,1.5615234375,15.540573120117188,10.216957092285156,5.323616027832031,65.7,65.74375998436867,7.999996185302734,3.3431167602539062,41.8,2.523082733154297,nan
2026-07-02T13:24:18.602248+00:00,linux,nominal,0,50.3125,83.0,8.6,nan,nan,nan,nan,100.0,1785.0,32655.09167534145,174800.0,nan,207455.09167534145,8.6,1.13818359375,1.2275390625,1.552734375,15.540573120117188,10.212203979492188,5.328369140625,65.7,65.71317480095085,7.999996185302734,3.3431167602539062,41.8,2.523082733154297,nan
2026-07-02T13:24:23.637498+00:00,linux,nominal,0,59.375,83.0,14.3,nan,nan,nan,nan,99.0,1800.0,35960.22767363676,149270.0,nan,185230.22767363675,14.3,1.046875,1.20703125,1.5439453125,15.540573120117188,10.227130889892578,5.313442230224609,65.8,65.80922602303265,7.999996185302734,3.3431167602539062,41.8,2.523082733154297,nan
2026-07-02T13:24:28.674630+00:00,linux,nominal,0,53.5625,83.0,16.8,nan,nan,nan,nan,100.0,1785.0,35333.76964780627,152230.0,nan,187563.76964780627,16.8,1.12353515625,1.22021484375,1.546875,15.540573120117188,10.226364135742188,5.314208984375,65.8,65.8042921371041,7.999996185302734,3.3431167602539062,41.8,2.5230712890625,nan
2026-07-02T13:24:33.714878+00:00,linux,nominal,0,51.375,83.0,8.8,nan,nan,nan,nan,100.0,1740.0,31591.693971043736,169930.0,nan,201521.69397104374,8.8,1.033203125,1.19970703125,1.5380859375,15.540573120117188,10.21588134765625,5.3246917724609375,65.7,65.73683781605098,7.999996185302734,3.3431167602539062,41.8,2.5230712890625,nan
2026-07-02T13:24:38.752344+00:00,linux,nominal,0,52.875,84.0,7.9,nan,nan,nan,nan,100.0,1800.0,32978.5288867135,139300.0,nan,172278.5288867135,7.9,1.11083984375,1.21337890625,1.541015625,15.540573120117188,10.18243408203125,5.3581390380859375,65.5,65.52161238410277,7.999996185302734,3.3431167602539062,41.8,2.5230712890625,nan
2026-07-02T13:24:43.787854+00:00,linux,nominal,0,53.375,84.0,9.6,nan,nan,nan,nan,100.0,1785.0,33911.85936562697,173550.0,nan,207461.85936562697,9.6,1.1015625,1.20947265625,1.5380859375,15.540573120117188,10.157394409179688,5.3831787109375,65.4,65.36048787049555,7.999996185302734,3.3431167602539062,41.8,2.5230712890625,nan
2026-07-02T13:24:48.824510+00:00,linux,nominal,0,55.4375,83.0,9.4,nan,nan,nan,nan,100.0,1725.0,32822.53050136414,158270.0,nan,191092.53050136415,9.4,1.25390625,1.2392578125,1.54638671875,15.540573120117188,10.15127182006836,5.389301300048828,65.3,65.3210904231556,7.999996185302734,3.343109130859375,41.8,2.5230712890625,nan
2026-07-02T13:24:53.865269+00:00,linux,nominal,0,57.375,83.0,15.7,nan,nan,nan,nan,100.0,1770.0,36921.67107064227,167270.0,nan,204191.67107064227,15.7,1.2333984375,1.23486328125,1.54296875,15.540573120117188,10.157520294189453,5.383052825927734,65.4,65.3612979114689,7.999996185302734,3.343109130859375,41.8,2.5230712890625,nan
2026-07-02T13:24:58.903647+00:00,linux,nominal,0,60.0625,84.0,16.5,nan,nan,nan,nan,95.0,1785.0,35376.93242048037,166150.0,nan,201526.93242048036,16.5,1.375,1.2646484375,1.55126953125,15.540573120117188,10.229610443115234,5.310962677001953,65.8,65.82518137553794,7.999996185302734,3.343109130859375,41.8,2.5230712890625,nan
2026-07-02T13:25:03.941322+00:00,linux,nominal,0,57.5,83.0,12.4,nan,nan,nan,nan,76.0,1725.0,33381.41218957168,169610.0,nan,202991.41218957168,12.4,1.50537109375,1.2939453125,1.55908203125,15.540573120117188,10.235721588134766,5.304851531982422,65.9,65.86450518278943,7.999996185302734,3.3431015014648438,41.8,2.5230712890625,nan
2026-07-02T13:25:08.976989+00:00,linux,nominal,0,57.0625,83.0,13.2,nan,nan,nan,nan,100.0,1800.0,33235.646424291626,172740.0,nan,205975.64642429163,13.2,1.384765625,1.2724609375,1.55029296875,15.540573120117188,10.21762466430664,5.322948455810547,65.7,65.74805565619701,7.999996185302734,3.3431015014648438,41.8,2.5230712890625,nan
2026-07-02T13:25:14.013074+00:00,linux,nominal,0,52.9375,83.0,14.7,nan,nan,nan,nan,100.0,1770.0,34341.56899446982,160290.0,nan,194631.56899446982,14.7,1.59423828125,1.31787109375,1.5634765625,15.540573120117188,10.211746215820312,5.328826904296875,65.7,65.71022919741141,7.999996185302734,3.3431015014648438,41.8,2.5230712890625,nan
2026-07-02T13:25:19.049678+00:00,linux,nominal,0,60.0625,83.0,13.2,nan,nan,nan,nan,100.0,1815.0,35160.14183509344,153390.0,nan,188550.14183509344,13.2,1.626953125,1.32958984375,1.56591796875,15.540573120117188,10.193092346191406,5.347480773925781,65.6,65.59019585317934,7.999996185302734,3.3431015014648438,41.8,2.5230560302734375,nan
2026-07-02T13:25:24.090321+00:00,linux,nominal,0,56.6875,84.0,12.6,nan,nan,nan,nan,100.0,1680.0,35382.50170155372,141760.0,nan,177142.50170155373,12.6,1.6572265625,1.3408203125,1.568359375,15.540573120117188,10.194686889648438,5.34588623046875,65.6,65.60045637217505,7.999996185302734,3.3431015014648438,41.8,2.5230560302734375,nan
2026-07-02T13:25:29.128437+00:00,linux,nominal,0,53.4375,84.0,9.4,nan,nan,nan,nan,100.0,1725.0,33130.89701566011,160820.0,nan,193950.89701566013,9.4,1.6044921875,1.3349609375,1.56494140625,15.540573120117188,10.151981353759766,5.388591766357422,65.3,65.32565610864171,7.999996185302734,3.3431015014648438,41.8,2.5230560302734375,nan
2026-07-02T13:25:34.164992+00:00,linux,nominal,0,54.25,84.0,9.0,nan,nan,nan,nan,100.0,1785.0,33731.715969083896,173100.0,nan,206831.7159690839,9.0,1.4755859375,1.3125,1.55615234375,15.540573120117188,10.122306823730469,5.418266296386719,65.1,65.13470735919769,7.999996185302734,3.3431015014648438,41.8,2.5230560302734375,nan
2026-07-02T13:25:39.202063+00:00,linux,nominal,0,52.375,83.0,9.4,nan,nan,nan,nan,100.0,1770.0,33521.675209912,152490.0,nan,186011.675209912,9.4,1.4375,1.30712890625,1.552734375,15.540573120117188,10.118473052978516,5.422100067138672,65.1,65.1100379295549,7.999996185302734,3.3431015014648438,41.8,2.5230560302734375,nan
2026-07-02T13:25:44.237693+00:00,linux,nominal,0,58.4375,84.0,10.6,nan,nan,nan,nan,100.0,1665.0,33534.85466403403,136610.0,nan,170144.85466403404,10.6,1.40234375,1.3017578125,1.54931640625,15.540573120117188,10.118087768554688,5.4224853515625,65.1,65.10755871324254,7.999996185302734,3.3431015014648438,41.8,2.5230560302734375,nan
2026-07-02T13:25:49.273438+00:00,linux,nominal,0,57.0,83.0,11.2,nan,nan,nan,nan,100.0,1740.0,33840.03278008287,167470.0,nan,201310.03278008287,11.2,1.2900390625,1.27978515625,1.54052734375,15.540573120117188,10.128498077392578,5.412075042724609,65.2,65.17454664706858,7.999996185302734,3.3430213928222656,41.8,2.522602081298828,nan
2026-07-02T13:25:54.311760+00:00,linux,nominal,0,54.3125,83.0,18.7,nan,nan,nan,nan,100.0,1830.0,36323.87606808467,149850.0,nan,186173.87606808468,18.7,1.2666015625,1.27490234375,1.53759765625,15.540573120117188,10.151348114013672,5.389225006103516,65.3,65.32158135707881,7.999996185302734,3.3430213928222656,41.8,2.522602081298828,nan
2026-07-02T13:25:59.349542+00:00,linux,nominal,0,55.4375,83.0,13.6,nan,nan,nan,nan,100.0,1725.0,34558.275317767024,151570.0,nan,186128.27531776702,13.6,1.1650390625,1.25341796875,1.529296875,15.540573120117188,10.253799438476562,5.286773681640625,66.0,65.98083197590103,7.999996185302734,3.3429908752441406,41.8,2.5225448608398438,nan
2026-07-02T13:26:04.385960+00:00,linux,nominal,0,53.75,83.0,11.1,nan,nan,nan,nan,100.0,1800.0,32358.505393297633,145300.0,nan,177658.50539329764,11.1,1.1513671875,1.2490234375,1.5263671875,15.540573120117188,10.26116943359375,5.2794036865234375,66.0,66.02825619288598,7.999996185302734,3.3429908752441406,41.8,2.5225448608398438,nan
2026-07-02T13:26:09.422199+00:00,linux,nominal,0,55.3125,83.0,13.2,nan,nan,nan,nan,100.0,1680.0,32573.02305630672,142350.0,nan,174923.02305630673,13.2,1.13916015625,1.24462890625,1.5234375,15.540573120117188,10.23654556274414,5.304027557373047,65.9,65.8698072691604,7.999996185302734,3.3429908752441406,41.8,2.5225448608398438,nan
2026-07-02T13:26:14.458956+00:00,linux,nominal,0,52.625,84.0,10.4,nan,nan,nan,nan,100.0,1665.0,31177.246585605128,153080.0,nan,184257.24658560514,10.4,1.1279296875,1.240234375,1.5205078125,15.540573120117188,10.230537414550781,5.310035705566406,65.8,65.8311462227053,7.999996185302734,3.3429908752441406,41.8,2.5225448608398438,nan
2026-07-02T13:26:19.494553+00:00,linux,nominal,0,56.125,83.0,9.0,nan,nan,nan,nan,100.0,1695.0,34319.032629407055,171920.0,nan,206239.03262940707,9.0,1.03759765625,1.21923828125,1.51220703125,15.540573120117188,10.223567962646484,5.317005157470703,65.8,65.78629940881737,7.999996185302734,3.3428573608398438,41.8,2.5224151611328125,nan
2026-07-02T13:26:24.532163+00:00,linux,nominal,0,58.0625,84.0,16.2,nan,nan,nan,nan,100.0,1740.0,36386.43773284222,150950.0,nan,187336.43773284223,16.2,1.19482421875,1.2490234375,1.5205078125,15.540573120117188,10.22463607788086,5.315937042236328,65.8,65.79317248374272,7.999996185302734,3.3428497314453125,41.8,2.5224151611328125,nan
2026-07-02T13:26:29.561912+00:00,linux,nominal,0,53.0625,82.0,12.0,nan,nan,nan,nan,100.0,1710.0,33496.813230800384,165420.0,nan,198916.81323080038,12.0,1.09912109375,1.22802734375,1.51220703125,15.540573120117188,10.194076538085938,5.34649658203125,65.6,65.59652890078912,7.999996185302734,3.3428497314453125,41.8,2.5224151611328125,nan
2026-07-02T13:26:34.599597+00:00,linux,nominal,0,56.0625,83.0,9.4,nan,nan,nan,nan,100.0,1695.0,32789.004661795116,143540.0,nan,176329.0046617951,9.4,1.0908203125,1.22412109375,1.50927734375,15.540573120117188,10.148483276367188,5.39208984375,65.3,65.30314678826117,7.999996185302734,3.3428497314453125,41.8,2.5224151611328125,nan
2026-07-02T13:26:39.635856+00:00,linux,nominal,0,58.875,82.0,13.0,nan,nan,nan,nan,100.0,1755.0,34747.57466964727,172030.0,nan,206777.57466964726,13.0,1.244140625,1.25390625,1.517578125,15.540573120117188,10.137954711914062,5.402618408203125,65.2,65.23539790685413,7.999996185302734,3.3428497314453125,41.8,2.5224151611328125,nan
2026-07-02T13:26:44.672525+00:00,linux,nominal,0,55.75,83.0,10.6,nan,nan,nan,nan,100.0,1665.0,34716.99406630274,172590.0,nan,207306.99406630272,10.6,1.865234375,1.3828125,1.55810546875,15.540573120117188,10.129016876220703,5.411556243896484,65.2,65.17788499774662,7.999996185302734,3.3428115844726562,41.8,2.5224151611328125,nan
2026-07-02T13:26:49.709235+00:00,linux,nominal,0,59.375,84.0,11.0,nan,nan,nan,nan,100.0,1770.0,34199.572771503284,163350.0,nan,197549.5727715033,11.0,1.7158203125,1.359375,1.54931640625,15.540573120117188,10.095401763916016,5.445171356201172,65.0,64.96157951116727,7.999996185302734,3.3427963256835938,41.8,2.522411346435547,nan
2026-07-02T13:26:54.745909+00:00,linux,nominal,0,52.875,84.0,9.3,nan,nan,nan,nan,100.0,1785.0,33547.77094409359,143040.0,nan,176587.7709440936,9.3,1.81884765625,1.38671875,1.55712890625,15.540573120117188,10.088886260986328,5.451686859130859,64.9,64.91965375412262,7.999996185302734,3.3427963256835938,41.8,2.5224075317382812,nan
2026-07-02T13:26:59.784806+00:00,linux,nominal,0,58.0,83.0,9.7,nan,nan,nan,nan,100.0,1695.0,34049.145028698855,148740.0,nan,182789.14502869884,9.7,1.6728515625,1.36328125,1.54833984375,15.540573120117188,10.154777526855469,5.385795593261719,65.3,65.34364883692845,7.999996185302734,3.3427963256835938,41.8,2.5224075317382812,nan
2026-07-02T13:27:04.821189+00:00,linux,nominal,0,56.5,83.0,11.5,nan,nan,nan,nan,100.0,1650.0,33595.06064469071,166010.0,nan,199605.0606446907,11.5,1.53857421875,1.34033203125,1.53955078125,15.540573120117188,10.176532745361328,5.364040374755859,65.5,65.48363864514019,7.999996185302734,3.3427963256835938,41.8,2.5224075317382812,nan
2026-07-02T13:27:09.862535+00:00,linux,nominal,0,54.125,84.0,10.3,nan,nan,nan,nan,100.0,1650.0,34048.88047976417,177170.0,nan,211218.88047976416,10.3,1.65576171875,1.3681640625,1.5478515625,15.540573120117188,10.146610260009766,5.393962860107422,65.3,65.29109436044564,7.999996185302734,3.3427963256835938,41.8,2.5224075317382812,nan
2026-07-02T13:27:14.897787+00:00,linux,nominal,0,51.75,84.0,10.3,nan,nan,nan,nan,100.0,1770.0,33171.68071697619,172230.0,nan,205401.68071697617,10.3,1.60302734375,1.36181640625,1.54443359375,15.540573120117188,10.151939392089844,5.388633728027344,65.3,65.32538609498393,7.999996185302734,3.3427886962890625,41.8,2.5224075317382812,nan
2026-07-02T13:27:19.937566+00:00,linux,nominal,0,60.4375,83.0,10.5,nan,nan,nan,nan,99.0,1785.0,31852.88106130523,150610.0,nan,182462.88106130523,10.5,1.474609375,1.3388671875,1.5361328125,15.540573120117188,10.149150848388672,5.391422271728516,65.3,65.30744246008953,7.999996185302734,3.3427886962890625,41.8,2.5224075317382812,nan
2026-07-02T13:27:24.975843+00:00,linux,nominal,0,58.375,82.0,18.7,nan,nan,nan,nan,100.0,1815.0,37033.33441552357,177050.0,nan,214083.33441552357,18.7,1.4365234375,1.3330078125,1.533203125,15.540573120117188,10.156368255615234,5.384204864501953,65.4,65.35388480922799,7.999996185302734,3.3427886962890625,41.8,2.5224075317382812,nan
2026-07-02T13:27:30.010849+00:00,linux,nominal,0,55.3125,82.0,13.0,nan,nan,nan,nan,100.0,1815.0,34655.75102267065,156410.0,nan,191065.75102267065,13.0,1.48193359375,1.34423828125,1.5361328125,15.540573120117188,10.125587463378906,5.414985656738281,65.2,65.15581751789699,7.999996185302734,3.3427886962890625,41.8,2.5223731994628906,nan
2026-07-02T13:27:35.046103+00:00,linux,nominal,0,52.625,82.0,10.8,nan,nan,nan,nan,100.0,1785.0,32995.91082244889,172570.0,nan,205565.9108224489,10.8,1.36279296875,1.32177734375,1.52783203125,15.540573120117188,10.127613067626953,5.412960052490234,65.2,65.168851813559,7.999996185302734,3.3427886962890625,41.8,2.5223731994628906,nan
2026-07-02T13:27:40.083931+00:00,linux,nominal,0,55.875,83.0,9.5,nan,nan,nan,nan,100.0,1770.0,34003.62182620263,168670.0,nan,202673.62182620264,9.5,1.33349609375,1.31640625,1.52490234375,15.540573120117188,10.091690063476562,5.448883056640625,64.9,64.93769557580167,7.999996185302734,3.342784881591797,41.8,2.5223541259765625,nan
2026-07-02T13:27:45.120761+00:00,linux,nominal,0,52.0,83.0,7.6,nan,nan,nan,nan,100.0,1710.0,32334.926520675308,165530.0,nan,197864.9265206753,7.6,1.2265625,1.29443359375,1.5166015625,15.540573120117188,10.091190338134766,5.449382781982422,64.9,64.93447995860446,7.999996185302734,3.342784881591797,41.8,2.522350311279297,nan
2026-07-02T13:27:50.156991+00:00,linux,nominal,0,57.6875,83.0,10.4,nan,nan,nan,nan,100.0,1665.0,34456.86490696761,148210.0,nan,182666.86490696762,10.4,1.2080078125,1.2890625,1.513671875,15.540573120117188,10.146686553955078,5.393886566162109,65.3,65.29158529436889,7.999996185302734,3.3427772521972656,41.8,2.5223121643066406,nan
2026-07-02T13:27:55.194425+00:00,linux,nominal,0,55.875,83.0,8.5,nan,nan,nan,nan,100.0,1770.0,32988.84049086218,142530.0,nan,175518.84049086217,8.5,1.3515625,1.31787109375,1.52197265625,15.540573120117188,10.131526947021484,5.409046173095703,65.2,65.19403672382118,7.999996185302734,3.3427772521972656,41.8,2.5223121643066406,nan
2026-07-02T13:28:00.229435+00:00,linux,nominal,0,60.75,84.0,19.3,nan,nan,nan,nan,100.0,1800.0,38051.23484646387,136000.0,nan,174051.23484646386,19.3,1.3232421875,1.3125,1.51904296875,15.540573120117188,10.20534896850586,5.335224151611328,65.7,65.66906438794777,7.999996185302734,3.3427772521972656,41.8,2.5223121643066406,nan
2026-07-02T13:28:05.273806+00:00,linux,nominal,0,54.9375,84.0,10.6,nan,nan,nan,nan,100.0,1740.0,33547.79348539952,167990.0,nan,201537.7934853995,10.6,1.296875,1.30712890625,1.51611328125,15.540573120117188,10.21554183959961,5.325031280517578,65.7,65.73465316009258,7.999996185302734,3.3427772521972656,41.8,2.5222244262695312,nan
2026-07-02T13:28:10.309894+00:00,linux,nominal,0,56.5,83.0,8.8,nan,nan,nan,nan,100.0,1800.0,33387.48569631663,147280.0,nan,180667.48569631664,8.8,1.19287109375,1.28515625,1.5078125,15.540573120117188,10.211742401123047,5.328830718994141,65.7,65.71020465071524,7.999996185302734,3.3427772521972656,41.8,2.5222244262695312,nan
2026-07-02T13:28:15.351133+00:00,linux,nominal,0,54.6875,83.0,9.0,nan,nan,nan,nan,100.0,1665.0,33601.10593465758,141820.0,nan,175421.10593465756,9.0,1.17724609375,1.2802734375,1.5048828125,15.540573120117188,10.206642150878906,5.333930969238281,65.7,65.67738571794668,7.999996185302734,3.3427772521972656,41.8,2.5222244262695312,nan
2026-07-02T13:28:20.387731+00:00,linux,nominal,0,58.8125,84.0,10.7,nan,nan,nan,nan,100.0,1695.0,35113.191391543296,158530.0,nan,193643.1913915433,10.7,1.08251953125,1.2587890625,1.49658203125,15.540573120117188,10.199451446533203,5.341121673583984,65.6,65.63111519568135,7.999996185302734,3.3427772521972656,41.8,2.5222244262695312,nan
2026-07-02T13:28:25.424192+00:00,linux,nominal,0,56.625,83.0,12.0,nan,nan,nan,nan,100.0,1785.0,35058.67101730612,139470.0,nan,174528.67101730613,12.0,1.236328125,1.2880859375,1.5048828125,15.540573120117188,10.17416763305664,5.366405487060547,65.5,65.46841969351978,7.999996185302734,3.3427772521972656,41.8,2.5222244262695312,nan
2026-07-02T13:28:30.465660+00:00,linux,nominal,0,57.6875,84.0,11.3,nan,nan,nan,nan,100.0,1650.0,33214.98165140665,141220.0,nan,174434.98165140665,11.3,1.2978515625,1.30029296875,1.5078125,15.540573120117188,10.104202270507812,5.436370849609375,65.0,65.01820873921295,7.999996185302734,3.3427772521972656,41.8,2.5222244262695312,nan
2026-07-02T13:28:35.493214+00:00,linux,nominal,0,55.1875,83.0,8.0,nan,nan,nan,nan,100.0,1800.0,32437.476598315916,149940.0,nan,182377.47659831593,8.0,1.19384765625,1.2783203125,1.49951171875,15.540573120117188,10.103904724121094,5.436668395996094,65.0,65.01629409691232,7.999996185302734,3.342754364013672,41.8,2.5222244262695312,nan
2026-07-02T13:28:40.529455+00:00,linux,nominal,0,62.0,83.0,9.0,nan,nan,nan,nan,100.0,1785.0,34147.51939955199,167380.0,nan,201527.519399552,9.0,1.2587890625,1.29052734375,1.50244140625,15.540573120117188,10.081588745117188,5.458984375,64.9,64.87269592436475,7.999996185302734,3.342754364013672,41.8,2.5222244262695312,nan
2026-07-02T13:28:45.567223+00:00,linux,nominal,0,58.625,83.0,10.0,nan,nan,nan,nan,100.0,1680.0,34354.66365333924,175250.0,nan,209604.66365333923,10.0,1.15771484375,1.26904296875,1.494140625,15.540573120117188,10.084583282470703,5.455989837646484,64.9,64.8919650808519,7.999996185302734,3.342754364013672,41.8,2.5222244262695312,nan
2026-07-02T13:28:50.603066+00:00,linux,nominal,0,58.1875,84.0,10.5,nan,nan,nan,nan,100.0,1650.0,33468.86374569076,149690.0,nan,183158.86374569076,10.5,1.06494140625,1.24755859375,1.48583984375,15.540573120117188,10.079154968261719,5.461418151855469,64.9,64.85703513221341,7.999996185302734,3.342754364013672,41.8,2.5222244262695312,nan
2026-07-02T13:28:55.644299+00:00,linux,nominal,0,56.9375,84.0,17.8,nan,nan,nan,nan,100.0,1800.0,37054.854068613364,155680.0,nan,192734.85406861338,17.8,1.62060546875,1.35986328125,1.52099609375,15.540573120117188,10.0921630859375,5.4484100341796875,64.9,64.94073936612575,7.999996185302734,3.342754364013672,41.8,2.5222244262695312,nan
2026-07-02T13:29:00.681336+00:00,linux,nominal,0,57.375,84.0,10.0,nan,nan,nan,nan,100.0,1695.0,33653.32631021696,149060.0,nan,182713.32631021697,10.0,1.49072265625,1.3369140625,1.5126953125,15.540573120117188,10.13467025756836,5.405902862548828,65.2,65.21426320145866,7.999996185302734,3.342754364013672,41.8,2.5222244262695312,nan
2026-07-02T13:29:05.721852+00:00,linux,nominal,0,53.5,82.0,9.8,nan,nan,nan,nan,100.0,1695.0,33764.97774398069,148730.0,nan,182494.9777439807,9.8,1.37109375,1.314453125,1.50439453125,15.540573120117188,10.128604888916016,5.411968231201172,65.2,65.17523395456112,7.999996185302734,3.342754364013672,41.8,2.5222244262695312,nan
2026-07-02T13:29:10.757999+00:00,linux,nominal,0,57.875,83.0,8.2,nan,nan,nan,nan,100.0,1650.0,32597.43841706011,146080.0,nan,178677.43841706013,8.2,1.26123046875,1.29248046875,1.49609375,15.540573120117188,10.09787368774414,5.442699432373047,65.0,64.97748577028024,7.999996185302734,3.342754364013672,41.8,2.5222244262695312,nan
2026-07-02T13:29:15.793629+00:00,linux,nominal,0,52.8125,83.0,9.1,nan,nan,nan,nan,100.0,1695.0,33401.83793667767,146170.0,nan,179571.83793667768,9.1,1.16015625,1.27099609375,1.48779296875,15.540573120117188,10.098865509033203,5.441707611083984,65.0,64.98386791128235,7.999996185302734,3.342754364013672,41.8,2.5222244262695312,nan
2026-07-02T13:29:20.829274+00:00,linux,nominal,0,62.5,83.0,12.5,nan,nan,nan,nan,100.0,1710.0,34062.92139399524,145910.0,nan,179972.92139399523,12.5,1.06689453125,1.24951171875,1.4794921875,15.540573120117188,10.085041046142578,5.455532073974609,64.9,64.89491068439135,7.999996185302734,3.342754364013672,41.8,2.5222244262695312,nan
2026-07-02T13:29:25.865206+00:00,linux,nominal,0,59.8125,83.0,21.1,nan,nan,nan,nan,99.0,1815.0,38958.459612517196,153740.0,nan,192698.4596125172,21.1,0.9814453125,1.228515625,1.47119140625,15.540573120117188,10.123661041259766,5.416912078857422,65.1,65.1434214363352,7.999996185302734,3.3427505493164062,41.8,2.522216796875,nan
2026-07-02T13:29:30.905710+00:00,linux,nominal,0,59.8125,84.0,14.9,nan,nan,nan,nan,100.0,1800.0,34359.59815638737,173590.0,nan,207949.59815638736,14.9,1.4638671875,1.32470703125,1.5009765625,15.540573120117188,10.113624572753906,5.426948547363281,65.1,65.07883907873304,7.999996185302734,3.3427505493164062,41.8,2.522216796875,nan
2026-07-02T13:29:35.944014+00:00,linux,nominal,0,56.8125,83.0,13.8,nan,nan,nan,nan,100.0,1725.0,35204.90571375349,147740.0,nan,182944.90571375348,13.8,1.42626953125,1.31884765625,1.498046875,15.540573120117188,10.106391906738281,5.434181213378906,65.0,65.03229854280993,7.999996185302734,3.3427505493164062,41.8,2.522216796875,nan
2026-07-02T13:29:40.971068+00:00,linux,nominal,0,59.625,83.0,13.3,nan,nan,nan,nan,98.0,1770.0,36003.865731384416,173440.0,nan,209443.86573138443,13.3,1.552734375,1.34716796875,1.50634765625,15.540573120117188,10.058116912841797,5.482456207275391,64.7,64.72166010288012,7.999996185302734,3.3427505493164062,41.8,2.522216796875,nan
2026-07-02T13:29:46.006416+00:00,linux,nominal,0,59.0625,84.0,10.7,nan,nan,nan,nan,100.0,1740.0,32749.29392180496,168970.0,nan,201719.29392180496,10.7,1.5888671875,1.3583984375,1.50927734375,15.540573120117188,10.055103302001953,5.485469818115234,64.7,64.70226821291214,7.999996185302734,3.3427505493164062,41.8,2.522216796875,nan
2026-07-02T13:29:51.045066+00:00,linux,nominal,0,58.0625,83.0,10.9,nan,nan,nan,nan,100.0,1680.0,32471.74580821991,171070.0,nan,203541.74580821992,10.9,1.46142578125,1.33544921875,1.5009765625,15.540573120117188,10.06695556640625,5.4736175537109375,64.8,64.77853479788742,7.999996185302734,3.3427505493164062,41.8,2.522216796875,nan
2026-07-02T13:29:56.081363+00:00,linux,nominal,0,58.625,82.0,19.8,nan,nan,nan,nan,100.0,1800.0,36567.55079035873,171060.0,nan,207627.55079035874,19.8,1.5048828125,1.3466796875,1.50390625,15.540573120117188,10.091224670410156,5.449348449707031,64.9,64.9347008788699,7.999996185302734,3.3427505493164062,41.8,2.522216796875,nan
2026-07-02T13:30:01.117643+00:00,linux,nominal,0,57.9375,83.0,11.4,nan,nan,nan,nan,100.0,1785.0,33437.861202446715,144190.0,nan,177627.86120244671,11.4,1.625,1.37451171875,1.51220703125,15.540573120117188,10.177928924560547,5.362644195556641,65.5,65.49262273593548,7.999996185302734,3.3427505493164062,41.8,2.522216796875,nan
2026-07-02T13:30:06.146613+00:00,linux,nominal,0,59.3125,84.0,12.1,nan,nan,nan,nan,100.0,1665.0,34415.86017371101,135790.0,nan,170205.860173711,12.1,1.49462890625,1.3515625,1.50390625,15.540573120117188,10.163475036621094,5.377098083496094,65.4,65.39961530417774,7.999996185302734,3.3427467346191406,41.8,2.522216796875,nan
2026-07-02T13:30:11.184855+00:00,linux,nominal,0,57.5,84.0,11.8,nan,nan,nan,nan,100.0,1650.0,33153.0281335098,142870.0,nan,176023.0281335098,11.8,1.53515625,1.36279296875,1.5068359375,15.540573120117188,10.15450668334961,5.386066436767578,65.3,65.34190602150093,7.999996185302734,3.3427467346191406,41.8,2.522216796875,nan
2026-07-02T13:30:16.222018+00:00,linux,nominal,0,58.125,84.0,12.5,nan,nan,nan,nan,100.0,1815.0,33887.82690127693,136620.0,nan,170507.82690127695,12.5,1.412109375,1.33984375,1.49853515625,15.540573120117188,10.167449951171875,5.3731231689453125,65.4,65.42519296157853,7.999996185302734,3.3427467346191406,41.8,2.5222015380859375,nan
2026-07-02T13:30:21.258557+00:00,linux,nominal,0,60.1875,83.0,12.0,nan,nan,nan,nan,100.0,1785.0,32678.663258730794,173550.0,nan,206228.66325873078,12.0,1.37890625,1.333984375,1.49560546875,15.540573120117188,10.146350860595703,5.394222259521484,65.3,65.28942518510664,7.999996185302734,3.342742919921875,41.8,2.5222015380859375,nan
2026-07-02T13:30:26.294795+00:00,linux,nominal,0,56.0,83.0,13.5,nan,nan,nan,nan,100.0,1680.0,33216.54289772213,167320.0,nan,200536.54289772213,13.5,1.48046875,1.35595703125,1.5009765625,15.540573120117188,10.107418060302734,5.433155059814453,65.0,65.03890160407751,7.999996185302734,3.342742919921875,41.8,2.522174835205078,nan
2026-07-02T13:30:31.332013+00:00,linux,nominal,0,60.6875,82.0,13.3,nan,nan,nan,nan,100.0,1650.0,33763.780156194094,137710.0,nan,171473.7801561941,13.3,1.36181640625,1.3330078125,1.49267578125,15.540573120117188,10.08392333984375,5.4566497802734375,64.9,64.88771850241588,7.999996185302734,3.342742919921875,41.8,2.522174835205078,nan
2026-07-02T13:30:36.370496+00:00,linux,nominal,0,57.375,84.0,11.5,nan,nan,nan,nan,100.0,1665.0,33119.089704138074,148980.0,nan,182099.08970413808,11.5,1.25244140625,1.310546875,1.484375,15.540573120117188,10.06589126586914,5.474681854248047,64.8,64.77168626965822,7.999996185302734,3.342742919921875,41.8,2.522174835205078,nan
2026-07-02T13:30:41.406991+00:00,linux,nominal,0,58.375,84.0,12.2,nan,nan,nan,nan,100.0,1650.0,33342.533641937116,158370.0,nan,191712.53364193713,12.2,1.6328125,1.388671875,1.5087890625,15.540573120117188,10.064231872558594,5.476341247558594,64.8,64.76100845682777,7.999996185302734,3.3427391052246094,41.8,2.5221519470214844,nan
2026-07-02T13:30:46.444349+00:00,linux,nominal,0,55.125,83.0,9.7,nan,nan,nan,nan,100.0,1695.0,31523.326097643334,151210.0,nan,182733.32609764332,9.7,1.501953125,1.365234375,1.50048828125,15.540573120117188,10.02236557006836,5.518207550048828,64.5,64.49160846645007,7.999996185302734,3.3427391052246094,41.8,2.5221519470214844,nan
2026-07-02T13:30:51.482831+00:00,linux,nominal,0,58.5625,84.0,12.6,nan,nan,nan,nan,100.0,1710.0,32929.18622257337,160720.0,nan,193649.18622257336,12.6,1.46142578125,1.35888671875,1.49755859375,15.540573120117188,10.036479949951172,5.504093170166016,64.6,64.58243124224938,7.999996185302734,3.3427391052246094,41.8,2.5221519470214844,nan
2026-07-02T13:30:56.519840+00:00,linux,nominal,0,59.625,83.0,21.3,nan,nan,nan,nan,100.0,1815.0,37571.14328838854,170660.0,nan,208231.14328838856,21.3,1.5048828125,1.36962890625,1.50048828125,15.540573120117188,10.049129486083984,5.491443634033203,64.7,64.6638280867225,7.999996185302734,3.3427391052246094,41.8,2.5221519470214844,nan
2026-07-02T13:31:01.555893+00:00,linux,nominal,0,57.5625,83.0,14.9,nan,nan,nan,nan,100.0,1710.0,35881.98748537552,171730.0,nan,207611.98748537552,14.9,1.46435546875,1.36328125,1.49755859375,15.540573120117188,10.129730224609375,5.4108428955078125,65.2,65.18247522992891,7.999996185302734,3.3425636291503906,41.8,2.521984100341797,nan
2026-07-02T13:31:06.594186+00:00,linux,nominal,0,54.5,84.0,13.7,nan,nan,nan,nan,100.0,1800.0,34219.78918701585,145220.0,nan,179439.78918701585,13.7,1.74755859375,1.423828125,1.5166015625,15.540573120117188,10.104007720947266,5.436565399169922,65.0,65.01695685770869,7.999996185302734,3.3425636291503906,41.8,2.5219497680664062,nan
2026-07-02T13:31:11.634282+00:00,linux,nominal,0,56.9375,84.0,12.2,nan,nan,nan,nan,100.0,1680.0,33443.97263662897,147580.0,nan,181023.97263662895,12.2,1.76806640625,1.43359375,1.51953125,15.540573120117188,10.06436538696289,5.476207733154297,64.8,64.76186759119342,7.999996185302734,3.3425636291503906,41.8,2.5219497680664062,nan
2026-07-02T13:31:16.673758+00:00,linux,nominal,0,54.5625,83.0,10.3,nan,nan,nan,nan,100.0,1710.0,32487.526530666073,174970.0,nan,207457.52653066607,10.3,1.70654296875,1.42626953125,1.5166015625,15.540573120117188,10.063850402832031,5.476722717285156,64.8,64.75855378721155,7.999996185302734,3.342559814453125,41.8,2.5219192504882812,nan
2026-07-02T13:31:21.710614+00:00,linux,nominal,0,59.0,84.0,13.7,nan,nan,nan,nan,100.0,1725.0,34992.96010780903,146780.0,nan,181772.96010780902,13.7,1.810546875,1.45263671875,1.52490234375,15.540573120117188,10.076297760009766,5.464275360107422,64.8,64.83864965678809,7.999996185302734,3.342559814453125,41.8,2.5219192504882812,nan
2026-07-02T13:31:26.748142+00:00,linux,nominal,0,54.8125,84.0,18.3,nan,nan,nan,nan,100.0,1770.0,36155.416402181196,155810.0,nan,191965.4164021812,18.3,1.74560546875,1.44482421875,1.52197265625,15.540573120117188,10.07602310180664,5.464550018310547,64.8,64.83688229466443,7.999996185302734,3.342559814453125,41.8,2.5219192504882812,nan
2026-07-02T13:31:31.783990+00:00,linux,nominal,0,58.1875,83.0,13.9,nan,nan,nan,nan,100.0,1695.0,34841.81385504385,145890.0,nan,180731.81385504385,13.9,1.76611328125,1.4541015625,1.52490234375,15.540573120117188,10.08187484741211,5.458698272705078,64.9,64.8745369265769,7.999996185302734,3.342559814453125,41.8,2.5219192504882812,nan
2026-07-02T13:31:36.823388+00:00,linux,nominal,0,54.9375,83.0,12.5,nan,nan,nan,nan,100.0,1695.0,33715.587211005506,143930.0,nan,177645.5872110055,12.5,1.865234375,1.47998046875,1.533203125,15.540573120117188,10.036361694335938,5.50421142578125,64.6,64.58167029466836,7.999996185302734,3.3425369262695312,41.8,2.5218887329101562,nan
2026-07-02T13:31:41.860740+00:00,linux,nominal,0,61.6875,83.0,12.0,nan,nan,nan,nan,100.0,1815.0,33683.11960789459,157330.0,nan,191013.1196078946,12.0,1.87646484375,1.48876953125,1.5361328125,15.540573120117188,10.010540008544922,5.530033111572266,64.4,64.41551370834794,7.999996185302734,3.3425369262695312,41.8,2.5218887329101562,nan
2026-07-02T13:31:46.897621+00:00,linux,nominal,0,58.375,84.0,11.5,nan,nan,nan,nan,100.0,1725.0,32987.07739343703,156830.0,nan,189817.07739343704,11.5,1.72607421875,1.4638671875,1.52783203125,15.540573120117188,10.003803253173828,5.536769866943359,64.4,64.37216424292589,7.999996185302734,3.3425369262695312,41.8,2.5218887329101562,nan
2026-07-02T13:31:51.933715+00:00,linux,nominal,0,62.4375,84.0,14.7,nan,nan,nan,nan,100.0,1725.0,35148.542833120366,170960.0,nan,206108.54283312036,14.7,1.748046875,1.47314453125,1.53076171875,15.540573120117188,10.009994506835938,5.53057861328125,64.4,64.41200353079677,7.999996185302734,3.3425369262695312,41.8,2.5218887329101562,nan
2026-07-02T13:31:56.971502+00:00,linux,nominal,0,62.3125,83.0,19.6,nan,nan,nan,nan,100.0,1680.0,36492.74688044348,147560.0,nan,184052.74688044348,19.6,2.1689453125,1.56494140625,1.560546875,15.540573120117188,10.02597427368164,5.514598846435547,64.5,64.51482964101929,7.999996185302734,3.3425369262695312,41.8,2.5218849182128906,nan
2026-07-02T13:32:02.008722+00:00,linux,nominal,0,58.75,83.0,11.8,nan,nan,nan,nan,100.0,1800.0,34246.1239036521,156670.0,nan,190916.1239036521,11.8,2.0751953125,1.55517578125,1.55712890625,15.540573120117188,10.099109649658203,5.441463470458984,65.0,64.98543889983672,7.999996185302734,3.3425369262695312,41.8,2.5218582153320312,nan
2026-07-02T13:32:07.044816+00:00,linux,nominal,0,55.125,83.0,10.3,nan,nan,nan,nan,100.0,1680.0,33168.704852036666,171780.0,nan,204948.70485203667,10.3,1.90869140625,1.529296875,1.54833984375,15.540573120117188,10.107402801513672,5.433170318603516,65.0,65.03880341729284,7.999996185302734,3.3425369262695312,41.8,2.5218582153320312,nan
2026-07-02T13:32:12.082507+00:00,linux,nominal,0,64.625,84.0,10.2,nan,nan,nan,nan,100.0,1785.0,32708.31166007918,173630.0,nan,206338.31166007917,10.2,1.75537109375,1.50390625,1.53955078125,15.540573120117188,10.109485626220703,5.431087493896484,65.1,65.05220591339729,7.999996185302734,3.3425369262695312,41.8,2.5218582153320312,nan
2026-07-02T13:32:17.129953+00:00,linux,nominal,0,53.6875,84.0,11.6,nan,nan,nan,nan,100.0,1650.0,31840.948422880265,141740.0,nan,173580.94842288026,11.6,1.61474609375,1.478515625,1.53125,15.540573120117188,10.088150024414062,5.452423095703125,64.9,64.91491624176335,7.999996185302734,3.3425369262695312,41.8,2.5218582153320312,nan
2026-07-02T13:32:22.166072+00:00,linux,nominal,0,58.375,83.0,13.8,nan,nan,nan,nan,100.0,1815.0,35087.88805902535,172780.0,nan,207867.88805902534,13.8,1.72607421875,1.50390625,1.53955078125,15.540573120117188,10.095500946044922,5.445072174072266,65.0,64.9622177252675,7.999996185302734,3.3425369262695312,41.8,2.5218582153320312,nan
2026-07-02T13:32:27.202412+00:00,linux,nominal,0,59.375,83.0,16.3,nan,nan,nan,nan,100.0,1785.0,35645.41840039104,122220.0,nan,157865.41840039103,16.3,1.58740234375,1.478515625,1.53125,15.540573120117188,10.092926025390625,5.4476470947265625,64.9,64.94564870535815,7.999996185302734,3.3425369262695312,41.8,2.5218544006347656,nan
2026-07-02T13:32:32.249050+00:00,linux,nominal,0,56.75,84.0,8.3,nan,nan,nan,nan,100.0,1770.0,32937.47210769651,149730.0,nan,182667.47210769652,8.3,1.62060546875,1.4873046875,1.5341796875,15.540573120117188,10.076709747314453,5.463863372802734,64.8,64.84130069997359,7.999996185302734,3.3425369262695312,41.8,2.5218467712402344,nan
2026-07-02T13:32:37.289353+00:00,linux,nominal,0,56.625,83.0,8.4,nan,nan,nan,nan,100.0,1650.0,32530.29230956288,145520.0,nan,178050.29230956288,8.4,1.49072265625,1.46240234375,1.52587890625,15.540573120117188,10.073570251464844,5.467002868652344,64.8,64.82109876903228,7.999996185302734,3.3425369262695312,41.8,2.5218467712402344,nan
2026-07-02T13:32:42.325896+00:00,linux,nominal,0,57.8125,83.0,8.3,nan,nan,nan,nan,100.0,1650.0,33875.428195358734,149200.0,nan,183075.42819535872,8.3,1.37109375,1.43798828125,1.517578125,15.540573120117188,10.04427719116211,5.496295928955078,64.6,64.63260468920447,7.999996185302734,3.3425369262695312,41.8,2.5218467712402344,nan
2026-07-02T13:32:47.362457+00:00,linux,nominal,0,59.3125,83.0,10.3,nan,nan,nan,nan,100.0,1650.0,33657.293569261914,151640.0,nan,185297.2935692619,10.3,1.421875,1.44775390625,1.5205078125,15.540573120117188,10.05313491821289,5.487438201904297,64.7,64.68960211769257,7.999996185302734,3.3425369262695312,41.8,2.5218467712402344,nan
2026-07-02T13:32:52.397950+00:00,linux,nominal,0,62.25,84.0,8.7,nan,nan,nan,nan,100.0,1665.0,34099.80801038456,144640.0,nan,178739.80801038456,8.7,1.3076171875,1.42333984375,1.51220703125,15.540573120117188,10.009838104248047,5.530735015869141,64.4,64.41099711625414,7.999996185302734,3.3425369262695312,41.8,2.5218467712402344,nan
2026-07-02T13:32:57.435506+00:00,linux,nominal,0,55.9375,83.0,7.2,nan,nan,nan,nan,100.0,1650.0,31591.72300171862,154690.0,nan,186281.7230017186,7.2,1.20263671875,1.3994140625,1.50390625,15.540573120117188,10.017093658447266,5.523479461669922,64.5,64.45768493235423,7.999996185302734,3.3425369262695312,41.8,2.5218467712402344,nan
2026-07-02T13:33:02.473354+00:00,linux,nominal,0,57.625,84.0,7.6,nan,nan,nan,nan,100.0,1650.0,31968.000149535193,147840.0,nan,179808.0001495352,7.6,1.10595703125,1.3759765625,1.49560546875,15.540573120117188,10.089672088623047,5.450901031494141,64.9,64.92471037353198,7.999996185302734,3.3425369262695312,41.8,2.5218429565429688,nan
2026-07-02T13:33:07.509662+00:00,linux,nominal,0,59.125,84.0,8.8,nan,nan,nan,nan,100.0,1665.0,31812.371728174723,155380.0,nan,187192.37172817474,8.8,1.01708984375,1.35302734375,1.4873046875,15.540573120117188,10.089752197265625,5.4508209228515625,64.9,64.92522585415139,7.999996185302734,3.342517852783203,41.8,2.5218429565429688,nan
2026-07-02T13:33:12.547401+00:00,linux,nominal,0,54.875,83.0,8.9,nan,nan,nan,nan,100.0,1740.0,31521.517505333548,152340.0,nan,183861.51750533356,8.9,0.935546875,1.330078125,1.47900390625,15.540573120117188,10.05795669555664,5.482616424560547,64.7,64.72062914164131,7.999996185302734,3.342517852783203,41.8,2.5218429565429688,nan
2026-07-02T13:33:17.586810+00:00,linux,nominal,0,53.1875,84.0,6.5,nan,nan,nan,nan,100.0,1650.0,30194.506294193015,147050.0,nan,177244.506294193,6.5,0.8603515625,1.3076171875,1.470703125,15.540573120117188,10.057342529296875,5.4832305908203125,64.7,64.71667712355924,7.999996185302734,3.342517852783203,41.8,2.5218429565429688,nan
2026-07-02T13:33:22.622368+00:00,linux,nominal,0,54.375,83.0,10.3,nan,nan,nan,nan,100.0,1755.0,33294.62198521434,167800.0,nan,201094.62198521435,10.3,0.87158203125,1.30224609375,1.4677734375,15.540573120117188,10.057559967041016,5.483013153076172,64.7,64.71807628524047,7.999996185302734,3.342517852783203,41.8,2.5218429565429688,nan
2026-07-02T13:33:27.661424+00:00,linux,nominal,0,54.9375,84.0,10.3,nan,nan,nan,nan,100.0,1695.0,31509.714341553856,139680.0,nan,171189.71434155386,10.3,0.88232421875,1.296875,1.46484375,15.540573120117188,10.063888549804688,5.4766845703125,64.8,64.75879925417318,7.999996185302734,3.342517852783203,41.8,2.5218429565429688,nan
2026-07-02T13:33:32.697608+00:00,linux,nominal,0,54.9375,82.0,10.3,nan,nan,nan,nan,100.0,1755.0,33219.290212975655,170300.0,nan,203519.29021297564,10.3,0.8115234375,1.27490234375,1.45654296875,15.540573120117188,10.024940490722656,5.515632629394531,64.5,64.5081774863594,7.999996185302734,3.342517852783203,41.8,2.5218429565429688,nan
2026-07-02T13:33:37.733514+00:00,linux,nominal,0,61.0625,84.0,13.2,nan,nan,nan,nan,100.0,1755.0,34186.64312838428,173610.0,nan,207796.64312838428,13.2,0.90673828125,1.287109375,1.45947265625,15.540573120117188,10.018218994140625,5.5223541259765625,64.5,64.464926207722,7.999996185302734,3.342517852783203,41.8,2.5218429565429688,nan
2026-07-02T13:33:42.775852+00:00,linux,nominal,0,59.4375,84.0,13.1,nan,nan,nan,nan,100.0,1725.0,33676.901480600514,155400.0,nan,189076.90148060053,13.1,1.07470703125,1.31591796875,1.4677734375,15.540573120117188,10.015556335449219,5.525016784667969,64.4,64.44779261380094,7.999996185302734,3.342517852783203,41.8,2.5218429565429688,nan
2026-07-02T13:33:47.812489+00:00,linux,nominal,0,60.3125,83.0,14.8,nan,nan,nan,nan,100.0,1770.0,34696.02552063385,146810.0,nan,181506.02552063385,14.8,0.98828125,1.2939453125,1.45947265625,15.540573120117188,10.014461517333984,5.526111602783203,64.4,64.44074771200246,7.999996185302734,3.342517852783203,41.8,2.5218429565429688,nan
2026-07-02T13:33:52.849874+00:00,linux,nominal,0,57.4375,84.0,15.3,nan,nan,nan,nan,100.0,1755.0,35807.78047216042,157390.0,nan,193197.78047216043,15.3,1.0693359375,1.30615234375,1.46240234375,15.540573120117188,10.018192291259766,5.522380828857422,64.5,64.46475438084886,7.999996185302734,3.342517852783203,41.8,2.5218429565429688,nan
2026-07-02T13:33:57.887426+00:00,linux,nominal,0,57.6875,83.0,16.2,nan,nan,nan,nan,100.0,1695.0,34134.10817840345,151940.0,nan,186074.10817840346,16.2,1.14404296875,1.31787109375,1.46533203125,15.540573120117188,10.020999908447266,5.519573211669922,64.5,64.48282074922408,7.999996185302734,3.342517852783203,41.8,2.5218429565429688,nan
2026-07-02T13:34:02.923863+00:00,linux,nominal,0,64.5,83.0,15.5,nan,nan,nan,nan,100.0,1830.0,37107.08928775678,135490.0,nan,172597.08928775677,15.5,1.212890625,1.32958984375,1.46826171875,15.540573120117188,10.07120132446289,5.469371795654297,64.8,64.8058552707157,7.999996185302734,3.342517852783203,41.8,2.5218429565429688,nan
2026-07-02T13:34:07.959085+00:00,linux,nominal,0,56.875,78.0,18.2,nan,nan,nan,nan,100.0,1845.0,40532.729865854926,83660.0,nan,124192.72986585493,18.2,1.2763671875,1.3408203125,1.47119140625,15.540573120117188,9.776596069335938,5.76397705078125,62.9,62.91013847282238,7.999996185302734,3.342517852783203,41.8,2.5218429565429688,nan
2026-07-02T13:34:12.995125+00:00,linux,nominal,0,52.375,68.0,2.6,nan,nan,nan,nan,4.0,300.0,26558.439550460414,29730.0,nan,56288.43955046042,2.6,1.173828125,1.318359375,1.462890625,15.540573120117188,9.772357940673828,5.768215179443359,62.9,62.88286709338644,7.999996185302734,3.342517852783203,41.8,2.5218429565429688,nan
2026-07-02T13:34:18.044641+00:00,linux,nominal,0,49.625,65.0,3.4,nan,nan,nan,nan,26.0,300.0,25179.493089806943,20960.0,nan,46139.49308980694,3.4,1.07958984375,1.29638671875,1.45458984375,15.540573120117188,9.763626098632812,5.776947021484375,62.8,62.82667970587167,7.999996185302734,3.342517852783203,41.8,2.5218429565429688,nan
2026-07-02T13:34:23.100997+00:00,linux,nominal,0,58.375,66.0,8.6,nan,nan,nan,nan,44.0,1470.0,27992.148496427908,57680.0,nan,85672.14849642791,8.6,0.99267578125,1.2744140625,1.4462890625,15.540573120117188,9.76291275024414,5.777660369873047,62.8,62.82208947368938,7.999996185302734,3.3424949645996094,41.8,2.5218429565429688,nan
2026-07-02T13:34:28.137457+00:00,linux,nominal,0,53.625,62.0,8.8,nan,nan,nan,nan,15.0,420.0,28321.555926025823,22240.0,nan,50561.55592602582,8.8,1.15380859375,1.30322265625,1.455078125,15.540573120117188,9.781715393066406,5.758857727050781,62.9,62.94308013907176,7.999996185302734,3.3424835205078125,41.8,2.5218353271484375,nan
2026-07-02T13:34:33.192299+00:00,linux,nominal,0,56.9375,61.0,7.9,nan,nan,nan,nan,3.0,1470.0,27883.79932682808,56110.0,nan,83993.79932682808,7.9,1.14111328125,1.2978515625,1.4521484375,15.540573120117188,9.801544189453125,5.7390289306640625,63.1,63.070673865721716,7.999996185302734,3.342479705810547,41.8,2.521820068359375,nan
2026-07-02T13:34:38.233028+00:00,linux,nominal,0,56.375,59.0,2.4,nan,nan,nan,nan,7.0,300.0,25744.513307962316,20190.0,nan,45934.51330796232,2.4,1.04931640625,1.27587890625,1.4443359375,15.540573120117188,9.767932891845703,5.772640228271484,62.9,62.85439292583854,7.999996185302734,3.342479705810547,41.8,2.521820068359375,nan
2026-07-02T13:34:43.281064+00:00,linux,nominal,0,57.4375,57.0,2.1,nan,nan,nan,nan,11.0,300.0,24962.208017267894,19420.0,nan,44382.2080172679,2.1,0.96484375,1.25439453125,1.4365234375,15.540573120117188,9.775165557861328,5.765407562255859,62.9,62.900933461761646,7.999996185302734,3.342479705810547,41.8,2.521820068359375,nan
2026-07-02T13:34:48.338832+00:00,linux,nominal,0,58.3125,56.0,3.8,nan,nan,nan,nan,11.0,300.0,25910.950275504856,19890.0,nan,45800.95027550486,3.8,0.88720703125,1.2333984375,1.4287109375,15.540573120117188,9.743732452392578,5.796840667724609,62.7,62.69866868538696,7.999996185302734,3.342479705810547,41.8,2.521820068359375,nan
